text,sentiment,platform,hashtags,country,timestamp,likes,retweets
Enjoying a beautiful day at the park!,Positive,Twitter,#Nature #Park,USA,2023-01-15 12:30:00,30.0,15.0
Traffic was terrible this morning.,Negative,Twitter,#Traffic #Morning,Canada,2023-01-15 08:45:00,10.0,5.0
Just finished an amazing workout!,Positive,Instagram,#Fitness #Workout,USA,2023-01-15 15:45:00,40.0,20.0
Excited about the upcoming weekend getaway!,Positive,Facebook,#Travel #Adventure,UK,2023-01-15 18:20:00,15.0,8.0
Trying out a new recipe for dinner tonight.,Neutral,Instagram,#Cooking #Food,Australia,2023-01-15 19:55:00,25.0,12.0
Feeling grateful for the little things in life.,Positive,Twitter,#Gratitude #PositiveVibes,India,2023-01-16 09:10:00,50.0,25.0
Rainy days call for cozy blankets and hot cocoa.,Positive,Facebook,#RainyDays #Cozy,Canada,2023-01-16 14:45:00,20.0,10.0
The new movie release is a must-watch!,Positive,Instagram,#MovieNight #MustWatch,USA,2023-01-16 19:30:00,30.0,15.0
Political discussions heating up on the timeline.,Negative,Twitter,#Politics #Debate,USA,2023-01-17 08:00:00,60.0,30.0
Missing summer vibes and beach days.,Neutral,Facebook,#Summer #BeachDays,Australia,2023-01-17 12:20:00,35.0,18.0
Just published a new blog post. Check it out!,Positive,Instagram,#Blogging #NewPost,USA,2023-01-17 15:15:00,45.0,22.0
Feeling a bit under the weather today.,Negative,Twitter,#SickDay #Health,Canada,2023-01-18 10:30:00,15.0,7.0
Exploring the city's hidden gems.,Positive,Facebook,#CityExplore #HiddenGems,UK,2023-01-18 14:50:00,25.0,12.0
"New year, new fitness goals!",Positive,Instagram,#NewYear #FitnessGoals,USA,2023-01-18 18:00:00,55.0,28.0
Technology is changing the way we live.,Neutral,Twitter,#Tech #Innovation,India,2023-01-19 09:45:00,30.0,15.0
Reflecting on the past and looking ahead.,Positive,Facebook,#Reflection #Future,USA,2023-01-19 13:20:00,40.0,20.0
Just adopted a cute furry friend!,Positive,Instagram,#PetAdoption #FurryFriend,Canada,2023-01-19 17:10:00,30.0,15.0
Late-night gaming session with friends.,Positive,Twitter,#Gaming #LateNight,UK,2023-01-20 00:05:00,35.0,18.0
Attending a virtual conference on AI.,Neutral,Facebook,#AI #TechConference,USA,2023-01-20 11:30:00,50.0,25.0
Winter blues got me feeling low.,Negative,Instagram,#WinterBlues #Mood,USA,2023-01-20 15:15:00,15.0,8.0
Sipping coffee and enjoying a good book.,Positive,Twitter,#Reading #CoffeeTime,India,2023-01-21 08:40:00,45.0,22.0
Exploring the world of virtual reality.,Positive,Facebook,#VR #VirtualReality,USA,2023-01-21 13:20:00,30.0,15.0
Productive day ticking off my to-do list.,Positive,Instagram,#Productivity #WorkFromHome,USA,2023-01-21 16:45:00,60.0,30.0
Just finished a challenging workout routine.,Positive,Twitter,#Fitness #ChallengeAccepted,UK,2023-01-22 09:15:00,40.0,20.0
Celebrating a milestone at work!,Positive,Facebook,#Career #Milestone,Canada,2023-01-22 14:30:00,25.0,12.0
Sunday brunch with friends.,Positive,Instagram,#Brunch #Friends,UK,2023-01-22 12:00:00,30.0,15.0
Learning a new language for personal growth.,Positive,Facebook,#LanguageLearning #PersonalGrowth,India,2023-01-23 16:20:00,50.0,25.0
Quiet evening with a good book.,Positive,Instagram,#Reading #QuietTime,Australia,2023-01-23 19:45:00,30.0,15.0
Reflecting on the importance of mental health.,Positive,Twitter,#MentalHealth #SelfCare,USA,2023-01-24 11:30:00,45.0,22.0
New painting in progress!,Positive,Facebook,#Art #PaintingInProgress,Canada,2023-01-24 15:00:00,25.0,12.0
Weekend road trip to explore scenic views.,Positive,Instagram,#RoadTrip #ScenicViews,UK,2023-01-24 17:30:00,35.0,18.0
Enjoying a cup of tea and watching the sunset.,Positive,Twitter,#TeaTime #Sunset,India,2023-01-25 18:00:00,30.0,15.0
Coding a new project with enthusiasm.,Positive,Facebook,#Coding #Enthusiasm,USA,2023-01-25 13:15:00,60.0,30.0
Feeling inspired after attending a workshop.,Positive,Instagram,#Inspiration #Workshop,USA,2023-01-26 09:45:00,50.0,25.0
Winter sports day at the local park.,Positive,Twitter,#WinterSports #Fun,Canada,2023-01-26 14:20:00,30.0,15.0
Quality time with family this weekend.,Positive,Facebook,#FamilyTime #Weekend,UK,2023-01-26 17:40:00,45.0,22.0
Attending a live music concert tonight.,Positive,Instagram,#Music #ConcertNight,USA,2023-01-27 20:00:00,35.0,18.0
Practicing mindfulness with meditation.,Positive,Twitter,#Mindfulness #Meditation,India,2023-01-27 12:30:00,30.0,15.0
Trying out a new dessert recipe.,Positive,Facebook,#Dessert #Cooking,Canada,2023-01-27 16:10:00,25.0,12.0
Excited about the upcoming gaming tournament.,Positive,Instagram,#Gaming #Tournament,USA,2023-01-28 09:00:00,60.0,30.0
Planning a garden makeover for spring.,Positive,Twitter,#Gardening #Spring,USA,2023-01-28 14:45:00,50.0,25.0
Celebrating a friend's birthday tonight!,Positive,Facebook,#Birthday #Celebration,UK,2023-01-28 19:30:00,30.0,15.0
Feeling accomplished after a productive day.,Positive,Instagram,#Accomplished #Success,India,2023-01-29 17:00:00,45.0,22.0
A cozy evening with a good movie.,Positive,Twitter,#CozyNight #MovieTime,Canada,2023-01-29 20:20:00,35.0,18.0
Exploring local art galleries this weekend.,Positive,Facebook,#Art #GalleryExplore,USA,2023-01-30 11:30:00,30.0,15.0
New book release from my favorite author!,Positive,Instagram,#BookRelease #FavoriteAuthor,UK,2023-01-30 15:45:00,25.0,12.0
Attending a virtual reality meetup.,Positive,Twitter,#VRMeetup #VirtualReality,India,2023-01-30 18:30:00,55.0,28.0
Reflecting on the beauty of nature.,Positive,Facebook,#Nature #Reflection,Australia,2023-01-31 10:45:00,30.0,15.0
Cooking a special dinner for loved ones.,Positive,Instagram,#Cooking #SpecialDinner,USA,2023-01-31 19:00:00,40.0,20.0
Feeling optimistic about the week ahead.,Positive,Twitter,#Optimism #NewWeek,Canada,2023-01-31 16:20:00,30.0,15.0
Starting a new fitness challenge tomorrow!,Positive,Facebook,#FitnessChallenge #NewBeginnings,UK,2023-02-01 08:00:00,45.0,22.0
Sunday bike ride through scenic trails.,Positive,Instagram,#BikeRide #ScenicTrails,USA,2023-02-01 13:30:00,35.0,18.0
Can't believe the injustice happening in our society.,Anger,Twitter,#Injustice #Angry,Canada,2023-02-11 09:30:00,40.0,20.0
Feeling a sense of fear after watching a thriller movie.,Fear,Instagram,#Fear #ThrillerMovie,USA,2023-02-11 21:15:00,30.0,15.0
Heartbroken after hearing the news about a natural disaster.,Sadness,Facebook,#Sadness #NaturalDisaster,India,2023-02-12 14:45:00,50.0,25.0
The state of the world's environment is just disgusting.,Disgust,Twitter,#Disgust #Environment,UK,2023-02-12 18:20:00,35.0,18.0
Pure happiness: celebrating a loved one's achievement!,Happiness,Instagram,#Happiness #Celebration,USA,2023-02-13 10:00:00,60.0,30.0
Laughter is the best medicineenjoying a comedy show.,Joy,Facebook,#Joy #ComedyShow,Canada,2023-02-13 19:30:00,45.0,22.0
Sharing love and positive vibes with everyone!,Love,Twitter,#Love #SpreadLove,Australia,2023-02-14 08:30:00,30.0,15.0
An amusing incident brightened up my day!,Amusement,Instagram,#Amusement #FunTimes,UK,2023-02-14 14:20:00,35.0,18.0
Enjoying a quiet evening with a book and some tea.,Enjoyment,Facebook,#Enjoyment #BookTime,Canada,2023-02-14 19:45:00,50.0,25.0
Admiring the beauty of nature during a peaceful hike.,Admiration,Twitter,#Admiration #Nature,USA,2023-02-15 11:30:00,40.0,20.0
Sending affectionate vibes to all my followers!,Affection,Instagram,#Affection #PositiveVibes,USA,2023-02-15 16:00:00,30.0,15.0
Experiencing awe at the breathtaking sunset.,Awe,Facebook,#Awe #Breathtaking,Australia,2023-02-15 20:30:00,45.0,22.0
Disappointed with the service at a local restaurant.,Disappointed,Twitter,#Disappointed #BadService,India,2023-02-16 09:00:00,35.0,18.0
A surprise gift from a friend made my day!,Surprise,Instagram,#Surprise #Gift,USA,2023-02-16 14:45:00,50.0,25.0
Finding acceptance in the midst of life's challenges.,Acceptance,Facebook,#Acceptance #Challenges,Canada,2023-02-16 18:20:00,30.0,15.0
Overflowing with adoration for my adorable pet!,Adoration,Twitter,#Adoration #PetLove,UK,2023-02-17 10:45:00,45.0,22.0
Anticipating a thrilling adventure in the coming weeks.,Anticipation,Instagram,#Anticipation #Adventure,USA,2023-02-17 07:30:00,40.0,20.0
A bitter experience turned into a valuable lesson.,Bitter,Facebook,#BitterLesson #Growth,USA,2023-02-17 15:00:00,35.0,18.0
Finding calmness in the midst of a busy day.,Calmness,Twitter,#Calmness #PeacefulMind,India,2023-02-18 09:30:00,30.0,15.0
Confusion clouds my mind as I navigate through decisions.,Confusion,Instagram,#Confusion #DecisionMaking,UK,2023-02-18 14:20:00,50.0,25.0
Excitement building up for the upcoming vacation!,Excitement,Facebook,#Excitement #TravelPlans,Canada,2023-02-18 18:45:00,45.0,22.0
Kindness witnessed today restored my faith in humanity.,Kind,Twitter,#Kindness #Humanity,USA,2023-02-19 11:30:00,40.0,20.0
Pride in achieving a personal milestone.,Pride,Instagram,#Pride #Milestone,Australia,2023-02-19 16:00:00,60.0,30.0
A moment of shame for not standing up against injustice.,Shame,Facebook,#Shame #Injustice,India,2023-02-19 19:45:00,30.0,15.0
Fuming with anger after a heated argument.,Anger,Twitter,#Anger #Argument,Canada,2023-02-20 09:30:00,40.0,20.0
The fear of the unknown is keeping me up at night.,Fear,Instagram,#Fear #Unknown,USA,2023-02-20 21:15:00,30.0,15.0
Heartfelt sadness after bidding farewell to a dear friend.,Sadness,Facebook,#Sadness #Farewell,India,2023-02-21 14:45:00,50.0,25.0
The state of corruption in our society is utterly disgusting.,Disgust,Twitter,#Disgust #Corruption,UK,2023-02-21 18:20:00,35.0,18.0
Overflowing happiness: welcoming a new family member!,Happiness,Instagram,#Happiness #NewFamilyMember,UK,2023-02-22 10:00:00,60.0,30.0
Laughter is the key to joyattending a stand-up comedy show.,Joy,Facebook,#Joy #StandUpComedy,Canada,2023-02-22 19:30:00,45.0,22.0
Sending love to all my followers on this beautiful day!,Love,Twitter,#Love #SpreadLove,Australia,2023-02-23 08:30:00,30.0,15.0
Amused by the antics of my petit's pure amusement!,Amusement,Instagram,#Amusement #PetAntics,UK,2023-02-23 14:20:00,35.0,18.0
Enjoying every moment of this trippure enjoyment!,Enjoyment,Facebook,#Enjoyment #Travel,USA,2023-02-23 19:45:00,50.0,25.0
Admiring the dedication of volunteers at a local charity.,Admiration,Twitter,#Admiration #Volunteers,USA,2023-02-24 11:30:00,40.0,20.0
Sending affectionate vibes to friends and family.,Affection,Instagram,#Affection #FamilyLove,USA,2023-02-24 16:00:00,30.0,15.0
Awe-struck by the beauty of the night sky.,Awe,Facebook,#Awe #StarryNight,Australia,2023-02-24 20:30:00,45.0,22.0
Disappointed with the lack of progress in a personal project.,Disappointed,Twitter,#Disappointed #Project,India,2023-02-25 09:00:00,35.0,18.0
A surprise visit from an old friend brought tears of joy.,Surprise,Instagram,#Surprise #OldFriends,USA,2023-02-25 14:45:00,50.0,25.0
Embracing acceptance of life's ups and downs.,Acceptance,Facebook,#Acceptance #LifeJourney,Canada,2023-02-25 18:20:00,30.0,15.0
Overflowing adoration for a cute rescue puppy!,Adoration,Twitter,#Adoration #PuppyLove,UK,2023-02-26 10:45:00,45.0,22.0
Anticipating the release of a much-awaited movie.,Anticipation,Instagram,#Anticipation #MovieRelease,Australia,2023-02-26 07:30:00,40.0,20.0
Bitter experience at the customer service department.,Bitter,Facebook,#BitterExperience #CustomerService,USA,2023-02-26 15:00:00,35.0,18.0
Finding calmness amidst the chaos of daily life.,Calmness,Twitter,#Calmness #InnerPeace,India,2023-02-27 09:30:00,30.0,15.0
Confusion reigns as I try to make sense of recent events.,Confusion,Instagram,#Confusion #MakingSense,UK,2023-02-27 14:20:00,50.0,25.0
Excitement building up for a surprise birthday party.,Excitement,Facebook,#Excitement #SurpriseParty,Canada,2023-02-27 18:45:00,45.0,22.0
Witnessed an act of kindness that made my day.,Kind,Twitter,#Kindness #ActsOfKindness,USA,2023-02-28 11:30:00,40.0,20.0
Pride in completing a challenging fitness challenge.,Pride,Instagram,#Pride #FitnessChallengeCompleted,UK,2023-02-28 16:00:00,60.0,30.0
A moment of shame for not speaking up against injustice.,Shame,Facebook,#Shame #Injustice,India,2023-02-28 19:45:00,30.0,15.0
Reflecting on the beauty of diversity in our world.,Acceptance,Twitter,#Acceptance #Diversity,Australia,2023-03-01 10:45:00,45.0,22.0
Excitement for a quiet evening with a good book.,Excitement,Instagram,#Excitement #BookTime,USA,2023-03-01 13:30:00,35.0,18.0
Feeling bitter about the unfairness in the workplace.,Bitter,Twitter,#Bitter #Unfairness,Canada,2023-03-01 17:45:00,30.0,15.0
Calmness prevails as I practice mindfulness.,Calmness,Facebook,#Calmness #Mindfulness,UK,2023-03-02 18:00:00,30.0,15.0
Confusion surrounds me as I navigate through life's choices.,Confusion,Instagram,#Confusion #LifeChoices,USA,2023-03-02 13:15:00,60.0,30.0
Excitement for a weekend road trip to explore new places.,Excitement,Twitter,#Excitement #WeekendAdventure,India,2023-03-02 16:45:00,50.0,25.0
Kindness witnessed today restores my faith in humanity.,Kind,Facebook,#Kindness #HumanityRestored,USA,2023-03-03 11:30:00,45.0,22.0
Pride in accomplishing personal and professional goals.,Pride,Instagram,#Pride #Accomplishments,Canada,2023-03-03 14:30:00,25.0,12.0
Shame for not being true to my values in a difficult situation.,Shame,Twitter,#Shame #Integrity,UK,2023-03-03 12:00:00,30.0,15.0
"Revisiting old memories, feeling a sense of elation.",Elation,Twitter,#Elation #Memories,Canada,2010-05-15 15:30:00,40.0,20.0
The victory of our team brought euphoria to the city.,Euphoria,Instagram,#Euphoria #Victory,USA,2021-08-10 21:15:00,30.0,15.0
"Embracing the beauty of nature, a moment of contentment.",Contentment,Facebook,#Contentment #Nature,India,2011-06-20 14:45:00,50.0,25.0
"Meditating by the serene lake, finding inner peace.",Serenity,Twitter,#Serenity #Meditation,UK,2022-02-12 18:20:00,35.0,18.0
Overflowing with gratitude for life's blessings.,Gratitude,Instagram,#Gratitude #Blessed,Australia,2012-11-25 10:00:00,60.0,30.0
"Hopeful for a brighter tomorrow, despite challenges.",Hope,Facebook,#Hope #Optimism,USA,2013-04-05 19:30:00,45.0,22.0
Empowered to make a difference in my community.,Empowerment,Twitter,#Empowerment #Community,UK,2014-09-14 08:30:00,30.0,15.0
Compassion in action: supporting a local charity event.,Compassion,Instagram,#Compassion #CharityEvent,Canada,2015-07-18 14:20:00,35.0,18.0
"A moment of tenderness, connecting with loved ones.",Tenderness,Facebook,#Tenderness #FamilyTime,UK,2016-02-23 19:45:00,50.0,25.0
Arousal of excitement as I await a special announcement.,Arousal,Twitter,#Arousal #Excitement,Australia,2017-10-30 11:30:00,40.0,20.0
Enthusiastically diving into a new project.,Enthusiasm,Instagram,#Enthusiasm #NewProject,USA,2018-06-15 16:00:00,30.0,15.0
Feeling a sense of fulfillment after reaching a milestone.,Fulfillment,Facebook,#Fulfillment #Milestone,India,2019-03-28 18:20:00,45.0,22.0
Reverence for the beauty of a historic landmark.,Reverence,Twitter,#Reverence #History,UK,2019-11-11 15:00:00,35.0,18.0
Elation after a surprise reunion with old friends.,Elation,Instagram,#Elation #OldFriends,Canada,2020-04-02 09:30:00,50.0,25.0
The euphoria of a live music concert under the stars.,Euphoria,Facebook,#Euphoria #LiveMusic,USA,2021-06-19 14:45:00,30.0,15.0
Contentment in the simplicity of a quiet Sunday.,Contentment,Twitter,#Contentment #SundayMood,Australia,2010-08-15 10:00:00,60.0,30.0
Serenity found in the pages of a favorite book.,Serenity,Instagram,#Serenity #BookTime,UK,2011-09-22 19:30:00,45.0,22.0
Gratitude for the support received during tough times.,Gratitude,Facebook,#Gratitude #Supportive,India,2012-03-10 08:30:00,30.0,15.0
Hopeful about the possibilities of a new journey.,Hope,Twitter,#Hope #NewBeginnings,Canada,2013-12-05 16:00:00,35.0,18.0
Empowerment through learning and personal growth.,Empowerment,Instagram,#Empowerment #PersonalGrowth,USA,2014-07-20 11:30:00,50.0,25.0
Compassion towards those in need during the holidays.,Compassion,Facebook,#Compassion #HolidaySupport,USA,2015-12-22 14:20:00,35.0,18.0
Tenderness in the warmth of a cozy winter evening.,Tenderness,Twitter,#Tenderness #CozyEvening,UK,2016-02-10 19:45:00,50.0,25.0
Arousal of excitement for an upcoming adventure.,Arousal,Instagram,#Arousal #AdventureTime,Australia,2017-04-30 11:30:00,40.0,20.0
Enthusiasm for a creative project in the making.,Enthusiasm,Facebook,#Enthusiasm #Creativity,Canada,2018-09-15 16:00:00,30.0,15.0
Fulfillment in completing a challenging workout routine.,Fulfillment,Twitter,#Fulfillment #FitnessGoals,India,2019-06-28 18:20:00,45.0,22.0
Reverence for the artistry displayed in a museum.,Reverence,Instagram,#Reverence #ArtAppreciation,UK,2020-11-11 15:00:00,35.0,18.0
Elation after achieving a personal goal.,Elation,Facebook,#Elation #PersonalAchievement,USA,2021-03-02 09:30:00,50.0,25.0
Elation over discovering a hidden gem in the city.,Elation,Twitter,#Elation #HiddenGem,USA,2012-02-18 14:30:00,40.0,20.0
The euphoria of a surprise birthday celebration.,Euphoria,Instagram,#Euphoria #BirthdaySurprise,UK,2018-11-05 21:45:00,30.0,15.0
Contentment in the simplicity of a home-cooked meal.,Contentment,Facebook,#Contentment #HomeCooking,India,2015-09-12 13:20:00,50.0,25.0
Serenity found in the melody of a peaceful piano.,Serenity,Twitter,#Serenity #PeacefulMelody,Canada,2016-07-30 18:10:00,35.0,18.0
Gratitude for the supportive community around me.,Gratitude,Instagram,#Gratitude #CommunitySupport,USA,2013-04-20 10:30:00,60.0,30.0
Hopeful about the prospects of a new business venture.,Hope,Facebook,#Hope #BusinessVenture,Canada,2017-12-08 19:15:00,45.0,22.0
Empowerment through mentoring and guiding others.,Empowerment,Twitter,#Empowerment #Mentorship,UK,2014-06-03 08:20:00,30.0,15.0
Compassion shown through acts of kindness in the community.,Compassion,Instagram,#Compassion #CommunityKindness,Australia,2019-01-15 14:50:00,35.0,18.0
Tenderness in a heartfelt message to a loved one.,Tenderness,Facebook,#Tenderness #LoveNote,UK,2016-12-25 19:30:00,50.0,25.0
Arousal of excitement before a much-awaited trip.,Arousal,Twitter,#Arousal #TravelAdventure,India,2018-03-10 09:45:00,40.0,20.0
Enthusiasm for a new artistic project in the works.,Enthusiasm,Instagram,#Enthusiasm #ArtisticProject,USA,2020-09-17 16:30:00,30.0,15.0
Feeling a sense of fulfillment after helping others.,Fulfillment,Facebook,#Fulfillment #HelpingOthers,Canada,2011-08-28 18:45:00,45.0,22.0
Reverence for the historical significance of a landmark.,Reverence,Twitter,#Reverence #HistoricalSite,Australia,2017-11-01 15:30:00,35.0,18.0
Elation after achieving a fitness milestone.,Elation,Instagram,#Elation #FitnessMilestone,UK,2019-06-15 10:00:00,50.0,25.0
The euphoria of a successful product launch.,Euphoria,Facebook,#Euphoria #ProductLaunchSuccess,USA,2022-04-03 11:45:00,30.0,15.0
Contentment in the embrace of a loved one.,Contentment,Twitter,#Contentment #Love,India,2010-11-12 20:20:00,60.0,30.0
Serenity found in the beauty of a sunset by the sea.,Serenity,Instagram,#Serenity #SunsetViews,Canada,2011-07-22 18:30:00,45.0,22.0
Gratitude for the small joys that each day brings.,Gratitude,Facebook,#Gratitude #SmallJoys,Australia,2012-03-30 11:20:00,30.0,15.0
Hopeful about the potential for personal growth.,Hope,Twitter,#Hope #PersonalDevelopment,UK,2013-10-05 16:40:00,35.0,18.0
Empowerment through learning a new skill.,Empowerment,Instagram,#Empowerment #SkillBuilding,India,2014-07-10 13:15:00,50.0,25.0
Compassion in volunteering for a local charity.,Compassion,Facebook,#Compassion #VolunteerWork,USA,2015-12-18 14:20:00,35.0,18.0
Tenderness in a quiet moment shared with a pet.,Tenderness,Twitter,#Tenderness #PetLove,Canada,2016-02-10 19:45:00,50.0,25.0
Arousal of excitement for an upcoming festival.,Arousal,Instagram,#Arousal #FestivalExcitement,UK,2017-09-25 11:30:00,40.0,20.0
Enthusiasm for a DIY home improvement project.,Enthusiasm,Facebook,#Enthusiasm #HomeImprovement,Australia,2018-04-15 16:00:00,30.0,15.0
Fulfillment in completing a challenging puzzle.,Fulfillment,Twitter,#Fulfillment #PuzzleChallenge,India,2019-11-28 18:20:00,45.0,22.0
Reverence for the wonders of nature on a hiking trail.,Reverence,Instagram,#Reverence #NatureExploration,USA,2020-05-11 15:00:00,35.0,18.0
Elation after a surprise reunion with a childhood friend.,Elation,Facebook,#Elation #FriendshipReunion,Canada,2021-02-05 09:30:00,50.0,25.0
Suffering from despair after another setback.,Despair,Twitter,#Despair #Struggle,USA,2021-03-10 08:30:00,10.0,5.0
"Overwhelmed by grief, missing a loved one dearly.",Grief,Instagram,#Grief #Loss,Canada,2022-07-05 15:45:00,15.0,8.0
Loneliness creeps in as the night grows colder.,Loneliness,Facebook,#Loneliness #Isolation,UK,2019-11-18 21:20:00,20.0,10.0
Jealousy consumes me as I witness others' success.,Jealousy,Twitter,#Jealousy #Envy,India,2020-08-12 11:30:00,25.0,12.0
Resentment building up over past betrayals.,Resentment,Instagram,#Resentment #Bitterness,Australia,2018-05-22 14:45:00,15.0,7.0
Frustration mounts as obstacles block my path.,Frustration,Facebook,#Frustration #Obstacles,USA,2017-01-30 16:10:00,20.0,10.0
"Boredom sets in, the day feels endlessly dull.",Boredom,Twitter,#Boredom #LackOfInterest,Canada,2016-09-28 19:45:00,15.0,8.0
"Anxiety grips my heart, worry clouds my thoughts.",Anxiety,Instagram,#Anxiety #Worry,UK,2019-04-15 09:00:00,25.0,12.0
Intimidation by the unknown future ahead.,Intimidation,Facebook,#Intimidation #Fear,India,2021-12-03 18:30:00,30.0,15.0
Helplessness sinks in as challenges pile up.,Helplessness,Twitter,#Helplessness #Overwhelmed,Australia,2020-06-20 14:20:00,15.0,8.0
Envy eats away at me as I see others' prosperity.,Envy,Instagram,#Envy #Desire,Canada,2018-11-07 11:30:00,20.0,10.0
Regret over missed opportunities haunts my thoughts.,Regret,Facebook,#Regret #MissedChances,UK,2017-08-25 16:00:00,25.0,12.0
Disgust at the sight of injustice and cruelty.,Disgust,Twitter,#Disgust #Injustice,India,2019-02-11 09:45:00,15.0,7.0
"Drowning in despair, hope slipping through my fingers.",Despair,Instagram,#Despair #Hopeless,USA,2016-04-02 20:20:00,20.0,10.0
"Grief weighs heavy, tears a constant companion.",Grief,Facebook,#Grief #Tears,Canada,2015-10-18 15:30:00,25.0,12.0
"Loneliness in a crowded room, a silent cry for connection.",Loneliness,Twitter,#Loneliness #SeekingConnection,UK,2019-07-12 18:10:00,30.0,15.0
"Jealousy gnaws at my confidence, a toxic emotion.",Jealousy,Instagram,#Jealousy #Insecurity,India,2018-06-03 16:30:00,15.0,8.0
"Resentment festers, poisoning relationships.",Resentment,Facebook,#Resentment #BrokenTrust,Australia,2022-01-15 12:00:00,20.0,10.0
"Frustration boils over, a volcanic eruption of emotions.",Frustration,Twitter,#Frustration #EmotionalOutburst,USA,2017-04-10 14:45:00,25.0,12.0
"Boredom settles like dust, life feels mundane.",Boredom,Instagram,#Boredom #Monotony,Canada,2016-11-28 19:00:00,15.0,7.0
"Anxiety grips my chest, a relentless grip on my thoughts.",Anxiety,Facebook,#Anxiety #Restlessness,UK,2018-09-05 09:30:00,20.0,10.0
"Intimidation by the challenges ahead, fear takes hold.",Intimidation,Twitter,#Intimidation #FacingFear,India,2021-10-22 18:30:00,30.0,15.0
"Helplessness engulfs me, drowning in a sea of problems.",Helplessness,Instagram,#Helplessness #Struggling,Australia,2019-05-08 14:20:00,15.0,8.0
"Envy poisons my thoughts, coveting others' success.",Envy,Facebook,#Envy #Success,Canada,2017-03-20 11:30:00,20.0,10.0
Regret for decisions that led to a painful present.,Regret,Twitter,#Regret #PastChoices,USA,2018-12-15 16:00:00,25.0,12.0
Disgust at the corruption that stains society.,Disgust,Instagram,#Disgust #Corruption,UK,2016-07-01 09:45:00,15.0,7.0
"Sinking in despair, each day darker than the last.",Despair,Facebook,#Despair #DarkDays,India,2020-08-20 20:20:00,20.0,10.0
"Grief overwhelms, a storm of emotions within.",Grief,Twitter,#Grief #EmotionalStorm,Canada,2021-02-25 15:30:00,25.0,12.0
"Loneliness echoes in empty spaces, yearning for connection.",Loneliness,Instagram,#Loneliness #YearningForConnection,Australia,2019-09-12 18:10:00,30.0,15.0
"Jealousy poisons my thoughts, resentment brewing within.",Jealousy,Facebook,#Jealousy #Resentment,USA,2018-08-05 16:30:00,15.0,8.0
"Resentment festers, a wound that refuses to heal.",Resentment,Twitter,#Resentment #Unforgiving,India,2017-01-12 12:00:00,20.0,10.0
"Frustration escalates, a thunderstorm of emotions.",Frustration,Instagram,#Frustration #EmotionalOutburst,UK,2022-04-05 14:45:00,25.0,12.0
"Boredom lingers, a stagnant pool of indifference.",Boredom,Facebook,#Boredom #Stagnation,Canada,2021-10-02 19:00:00,15.0,7.0
"Embarking on a journey of discovery, fueled by curiosity and a thirst for knowledge.",Curiosity,Twitter,#Curiosity #Learning,USA,2023-04-15 10:15:00,30.0,15.0
"Lost in the vast sea of information, an indifferent wave in the digital ocean.",Indifference,Instagram,#Indifference #DigitalOverload,Canada,2022-11-28 17:30:00,15.0,7.0
"The complex puzzle of life leaves me in a state of perpetual confusion, seeking answers in the chaos.",Confusion,Facebook,#Confusion #LifePuzzle,UK,2020-04-02 09:45:00,20.0,10.0
"A numbness settles over me, a shield against the overwhelming emotions life throws my way.",Numbness,Twitter,#Numbness #EmotionalShield,India,2021-08-10 14:00:00,15.0,8.0
"Gazing at the sunset, a melancholic longing for moments that slip through the fingers of time.",Melancholy,Instagram,#Melancholy #SunsetMoments,Australia,2019-06-18 20:45:00,25.0,12.0
"Revisiting old photographs, caught in the embrace of nostalgia's bittersweet symphony.",Nostalgia,Facebook,#Nostalgia #MemoryLane,USA,2018-02-05 15:15:00,20.0,10.0
"Torn between conflicting emotions, an ambivalence that paints my decisions in shades of uncertainty.",Ambivalence,Twitter,#Ambivalence #UncertainChoices,Canada,2022-05-30 11:30:00,25.0,12.0
"Embracing the ebb and flow of life, finding acceptance in the dance of existence.",Acceptance,Instagram,#Acceptance #LifeJourney,UK,2023-01-10 16:20:00,30.0,15.0
"Facing challenges head-on, a determination that fuels the fire within to achieve the impossible.",Determination,Facebook,#Determination #AchieveTheImpossible,India,2020-09-18 13:45:00,20.0,10.0
"Serenity found in the stillness of nature, a tranquil retreat from the chaos of the modern world.",Serenity,Twitter,#Serenity #NatureRetreat,Australia,2021-07-03 19:00:00,25.0,12.0
"Curiosity leading me down the rabbit hole of knowledge, a perpetual student in life's classroom.",Curiosity,Instagram,#Curiosity #KnowledgeQuest,USA,2022-10-08 08:15:00,40.0,20.0
"Floating through the day with an air of indifference, detached from the mundane happenings around.",Indifference,Facebook,#Indifference #FloatingThroughLife,Canada,2023-03-22 16:30:00,20.0,10.0
"Entangled in the web of thoughts, confusion reigning as I navigate the labyrinth of ideas.",Confusion,Twitter,#Confusion #ThoughtLabyrinth,UK,2021-05-15 11:45:00,30.0,15.0
"Numb to the chaos, emotions locked away, a stoic facade concealing the inner turmoil.",Numbness,Instagram,#Numbness #StoicFacade,Australia,2019-12-28 14:30:00,15.0,8.0
"Melancholy whispers in the breeze, a silent conversation with the echoes of forgotten dreams.",Melancholy,Facebook,#Melancholy #WhispersInTheBreeze,India,2020-03-01 19:00:00,25.0,12.0
"Stumbling upon an old journal, nostalgia flooding in waves, carrying me to moments long gone.",Nostalgia,Twitter,#Nostalgia #JournalMoments,Canada,2018-07-10 15:45:00,20.0,10.0
"A tapestry of conflicting feelings, weaving through uncertainty, caught in the threads of ambivalence.",Ambivalence,Instagram,#Ambivalence #ConflictingFeelings,UK,2022-01-05 10:30:00,25.0,12.0
"Embracing the flaws, finding acceptance in imperfection, a journey towards self-love.",Acceptance,Facebook,#Acceptance #SelfLoveJourney,Australia,2021-08-20 16:20:00,30.0,15.0
"Determination burning like a wildfire, overcoming obstacles, turning dreams into reality.",Determination,Twitter,#Determination #DreamsIntoReality,USA,2019-11-03 13:45:00,35.0,18.0
"Tranquil moments by the ocean, serenity washing over, a peaceful retreat within the waves' embrace.",Serenity,Instagram,#Serenity #OceanRetreat,Canada,2020-04-12 19:30:00,50.0,25.0
"Exploring new horizons with the spark of curiosity, an adventurer in the vast landscape of knowledge.",Curiosity,Facebook,#Curiosity #NewHorizons,India,2022-04-15 08:45:00,45.0,22.0
"Drifting through the day with a nonchalant demeanor, embracing the art of indifference.",Indifference,Twitter,#Indifference #DriftingThroughLife,UK,2023-02-10 17:00:00,18.0,9.0
"Wrestling with thoughts, a perplexed mind lost in the labyrinth of life's complexities.",Confusion,Instagram,#Confusion #PerplexedMind,Australia,2020-08-05 12:15:00,28.0,14.0
"Immersed in a state of emotional numbness, a shield against the storm of daily struggles.",Numbness,Facebook,#Numbness #EmotionalShield,USA,2021-12-01 15:30:00,20.0,10.0
"A melancholic symphony playing in the background, the soundtrack of a wistful heart.",Melancholy,Twitter,#Melancholy #WistfulHeart,Canada,2019-03-25 21:00:00,26.0,13.0
"Flipping through the pages of an old yearbook, nostalgia painting smiles and tears on my face.",Nostalgia,Instagram,#Nostalgia #YearbookMemories,India,2017-06-18 14:45:00,25.0,12.0
"Torn between opposing emotions, an ambivalence that colors my decisions with shades of uncertainty.",Ambivalence,Facebook,#Ambivalence #ShadesOfUncertainty,Australia,2022-07-08 11:30:00,30.0,15.0
"Embracing life's imperfections, finding acceptance in the journey, scars and all.",Acceptance,Twitter,#Acceptance #ImperfectJourney,Canada,2023-05-15 16:20:00,36.0,18.0
"A fiery determination burning within, fueled by the vision of reaching unparalleled heights.",Determination,Instagram,#Determination #UnparalleledHeights,UK,2021-09-10 14:45:00,40.0,20.0
"Basking in the serenity of a quiet forest, where the whispers of nature bring peace to the soul.",Serenity,Facebook,#Serenity #NatureWhispers,USA,2020-02-28 18:30:00,50.0,25.0
"Indifferent to the noise of the world, a silent observer in the midst of life's cacophony.",Indifference,Instagram,#Indifference #SilentObserver,India,2023-03-10 16:30:00,18.0,9.0
"Navigating through the labyrinth of thoughts, confusion a constant companion in the maze of ideas.",Confusion,Facebook,#Confusion #ThoughtLabyrinth,Australia,2021-05-02 11:45:00,28.0,14.0
"An impenetrable numbness shields me from the emotional storms, a fortress of stoic resilience.",Numbness,Twitter,#Numbness #StoicResilience,UK,2019-10-18 14:30:00,22.0,11.0
"Melancholy painting the world in hues of nostalgia, a canvas of bittersweet memories.",Melancholy,Instagram,#Melancholy #BittersweetMemories,USA,2020-01-05 20:00:00,26.0,13.0
"A journey into the past, flipping through the pages of an old diary, nostalgia taking the lead.",Nostalgia,Facebook,#Nostalgia #DiaryJourney,Canada,2018-08-10 15:45:00,25.0,12.0
"Ambivalence clouding decisions, caught in the crossroads of conflicting emotions.",Ambivalence,Twitter,#Ambivalence #ConflictingEmotions,India,2022-01-15 10:30:00,30.0,15.0
"Embracing imperfections, finding acceptance in the mosaic of life's beautiful chaos.",Acceptance,Instagram,#Acceptance #BeautifulChaos,Australia,2021-07-20 16:20:00,36.0,18.0
"Determination as the driving force, propelling me forward on the path to extraordinary achievements.",Determination,Facebook,#Determination #ExtraordinaryPath,USA,2019-12-03 13:45:00,40.0,20.0
"Seeking serenity in the melody of raindrops, a tranquil escape from the noise of everyday life.",Serenity,Twitter,#Serenity #RaindropMelody,Canada,2020-04-12 19:30:00,50.0,25.0
"Curiosity driving the exploration of the unknown, a seeker of knowledge in uncharted territories.",Curiosity,Instagram,#Curiosity #SeekerOfKnowledge,UK,2022-05-08 08:45:00,45.0,22.0
"Drifting through the day with an air of nonchalance, indifferent to the trivialities of life.",Indifference,Facebook,#Indifference #DriftingThroughLife,India,2023-02-22 17:00:00,18.0,9.0
"Lost in the labyrinth of thoughts, confusion casting shadows on the quest for clarity.",Confusion,Twitter,#Confusion #LabyrinthOfThoughts,Australia,2020-06-05 12:15:00,28.0,14.0
"Wrapped in the cloak of emotional numbness, a shield against the storms of life's turbulence.",Numbness,Instagram,#Numbness #EmotionalStorms,Canada,2021-11-30 15:30:00,20.0,10.0
"Melancholy as a companion, painting the canvas of life with the brushstrokes of wistful yearning.",Melancholy,Facebook,#Melancholy #WistfulYearning,UK,2019-02-25 21:00:00,26.0,13.0
"Leafing through the pages of an old photo album, nostalgia weaving tales of laughter and tears.",Nostalgia,Twitter,#Nostalgia #PhotoAlbumStories,USA,2017-05-18 14:45:00,25.0,12.0
"Ambivalence in the air, caught between the crossroads of conflicting emotions and decisions.",Ambivalence,Instagram,#Ambivalence #CrossroadsConfusion,Canada,2022-08-05 11:30:00,30.0,15.0
"Embracing the beauty in imperfections, finding acceptance in the mosaic of life's unpredictable art.",Acceptance,Facebook,#Acceptance #UnpredictableArt,Australia,2023-06-15 16:20:00,36.0,18.0
"Determination ablaze, forging a path through challenges, sculpting dreams into tangible realities.",Determination,Twitter,#Determination #SculptingDreams,UK,2021-10-10 14:45:00,40.0,20.0
"Immerse in the serenity of a moonlit night, where the quiet whispers of nature bring peace to the soul.",Serenity,Instagram,#Serenity #MoonlitPeace,USA,2020-05-12 19:30:00,50.0,25.0
"Fueled by curiosity, venturing into uncharted realms, a fearless explorer of the mysteries of the world.",Curiosity,Facebook,#Curiosity #FearlessExplorer,India,2022-12-01 09:15:00,44.0,22.0
"Wrapped in the cloak of emotional numbness, a shield against the storms of life's turbulence.",Numbness,Instagram,#Numbness #EmotionalStorms,Canada,2021-11-30 15:30:00,20.0,10.0
"Dancing through life with the exuberance of a carefree spirit, embracing joy and zest at every turn.",Zest,Twitter,#Zest #CarefreeSpirit,USA,2018-07-12 17:45:00,30.0,15.0
"Basking in the golden glow of contentment, a serene river flowing through the landscape of the heart.",Contentment,Facebook,#Contentment #GoldenGlow,Australia,2020-09-05 20:10:00,36.0,18.0
"Gazing towards the horizon with hopeful eyes, painting a canvas of dreams illuminated by the sun of optimism.",Hopeful,Instagram,#Hopeful #CanvasOfDreams,India,2022-04-18 08:00:00,24.0,12.0
"Standing tall, proud as an oak, the branches of achievement reaching towards the sky of accomplishment.",Proud,Twitter,#Proud #BranchesOfAchievement,Canada,2019-12-10 12:20:00,50.0,25.0
"A heart overflowing with gratitude, a garden where appreciation blooms in the soil of kindness and connection.",Grateful,Facebook,#Grateful #BlossomingConnection,USA,2023-02-28 09:45:00,40.0,20.0
"Extending a hand, empathetic threads weaving a tapestry of understanding, embracing the joys and sorrows of others.",Empathetic,Instagram,#Empathetic #TapestryOfUnderstanding,UK,2018-04-03 14:15:00,30.0,15.0
"Compassionate clouds, heavy with care, showering empathy on the parched grounds of human suffering.",Compassionate,Twitter,#Compassionate #ShowerOfEmpathy,Australia,2022-06-20 10:30:00,36.0,18.0
"Playfully dancing in the rain of laughter, a whimsical spirit twirling in the puddles of joy and lightheartedness.",Playful,Facebook,#Playful #DanceInTheRain,Canada,2020-07-08 18:00:00,44.0,22.0
"Soaring on the wings of a free spirit, unburdened by the chains of conformity, painting the sky with independence.",Free-spirited,Instagram,#FreeSpirit #PaintingTheSky,India,2021-08-15 11:10:00,40.0,20.0
"Bathed in the glow of inspiration, a creative phoenix rising from the ashes of ordinary thoughts to explore new realms.",Inspired,Twitter,#Inspired #CreativePhoenix,UK,2019-10-25 16:50:00,30.0,15.0
"Navigating the sea of hope, sailing towards the sunrise of possibilities, confident in the ship of positive anticipation.",Hopeful,Facebook,#Hopeful #SunriseOfPossibilities,USA,2023-10-05 07:30:00,24.0,12.0
"Striding with confidence, footprints of self-assuredness imprinted on the sands of challenges conquered and victories claimed.",Confident,Instagram,#Confident #FootprintsOfAssuredness,Australia,2022-02-15 13:15:00,50.0,25.0
"Lost in the symphony of the night, a moonlit serenade that whispers tales of wanderlust and moonlit dreams.",Serenity,Twitter,#Serenity #MoonlitSerenade,Canada,2021-05-08 22:00:00,26.0,13.0
"Unveiling the layers of curiosity, a labyrinth of questions leading to the treasure troves of undiscovered knowledge.",Curiosity,Instagram,#Curiosity #LabyrinthOfQuestions,USA,2020-11-29 14:45:00,34.0,17.0
"In the embrace of the autumn breeze, leaves of ambivalence dancing in a waltz between choices and uncertainties.",Ambivalence,Facebook,#Ambivalence #AutumnWaltz,UK,2019-09-14 10:20:00,28.0,14.0
"Gratitude as a guiding star, navigating the constellation of blessings in the vast universe of life's precious moments.",Grateful,Twitter,#Grateful #GuidingStar,Australia,2022-03-12 19:55:00,38.0,19.0
"With a zestful heart, sprinting through fields of enthusiasm, chasing sunbeams and laughter in the meadows of joy.",Zest,Instagram,#Zest #FieldsOfEnthusiasm,India,2023-03-30 16:30:00,32.0,16.0
"A compassionate rain, tears of empathy falling gently, nurturing the seeds of kindness in the garden of human connections.",Compassionate,Facebook,#Compassionate #TearsOfEmpathy,Canada,2021-07-01 12:10:00,42.0,21.0
"Proudly scaling the peaks of achievement, a mountaineer conquering challenges and planting the flag of success.",Proud,Twitter,#Proud #ScalingPeaks,USA,2020-01-05 08:45:00,46.0,23.0
"Embraced by the hopeful dawn, a gardener sowing seeds of optimism, tending to the blooms of a brighter tomorrow.",Hopeful,Instagram,#Hopeful #SeedsOfOptimism,UK,2022-07-17 06:15:00,28.0,14.0
"A playful escapade in the carnival of life, carousel laughter and cotton candy dreams swirling in the joyous atmosphere.",Playful,Facebook,#Playful #CarnivalEscapade,Australia,2018-08-22 17:20:00,48.0,24.0
"Floating on clouds of inspiration, an artist painting the sky with strokes of creativity, creating a masterpiece of dreams.",Inspired,Twitter,#Inspired #CloudsOfCreativity,India,2021-12-08 14:30:00,36.0,18.0
"Navigating the river of contentment, a serene boat cruise through the tranquil waters of inner peace and acceptance.",Contentment,Instagram,#Contentment #TranquilWaters,Canada,2019-04-27 09:50:00,40.0,20.0
"With empathy as a lantern, wandering through the dark alleys of sorrow, illuminating the path with compassion and care.",Empathetic,Facebook,#Empathetic #LanternOfCompassion,USA,2023-09-03 21:40:00,32.0,16.0
"A free spirit soaring on the wings of dreams, leaving trails of independence in the azure sky of boundless possibilities.",Free-spirited,Twitter,#FreeSpirit #WingsOfDreams,UK,2020-06-10 10:05:00,44.0,22.0
"Bathed in the golden hues of gratefulness, a sunset of appreciation casting its warm glow on the landscapes of the heart.",Grateful,Instagram,#Grateful #GoldenHues,Australia,2022-04-01 18:30:00,38.0,19.0
"Confident strides in the dance of life, a ballroom where self-assuredness leads, twirling through challenges with grace.",Confident,Facebook,#Confident #DanceOfLife,Canada,2021-01-15 13:00:00,46.0,23.0
"Hopeful whispers of wind, carrying the promises of a brighter tomorrow, a symphony of optimism in the air of possibilities.",Hopeful,Twitter,#Hopeful #BrighterTomorrows,India,2023-05-06 07:20:00,30.0,15.0
"Playfully juggling responsibilities, a circus performer balancing the acts of work and joy, tossing laughter into the air.",Playful,Instagram,#Playful #JugglingResponsibilities,USA,2019-11-18 15:15:00,50.0,25.0
"Whispering tales of inspiration to the stars, a storyteller crafting constellations from the threads of imagination.",Inspired,Facebook,#Inspired #TalesToTheStars,UK,2020-08-29 20:45:00,28.0,14.0
"Charting a course through the waves of hopeful anticipation, a sailor steering towards the shores of dreams yet unexplored.",Hopeful,Twitter,#Hopeful #SailorOfDreams,Australia,2022-10-30 11:40:00,34.0,17.0
"A compassionate rain, tears of empathy falling gently, nurturing the seeds of kindness in the garden of human connections.",Compassionate,Instagram,#Compassionate #TearsOfEmpathy,Canada,2021-07-01 12:10:00,42.0,21.0
"Proudly scaling the peaks of achievement, a mountaineer conquering challenges and planting the flag of success.",Proud,Twitter,#Proud #ScalingPeaks,USA,2020-01-05 08:45:00,46.0,23.0
"Embraced by the hopeful dawn, a gardener sowing seeds of optimism, tending to the blooms of a brighter tomorrow.",Hopeful,Instagram,#Hopeful #SeedsOfOptimism,UK,2022-07-17 06:15:00,28.0,14.0
"A playful escapade in the carnival of life, carousel laughter and cotton candy dreams swirling in the joyous atmosphere.",Playful,Facebook,#Playful #CarnivalEscapade,Australia,2018-08-22 17:20:00,48.0,24.0
"Floating on clouds of inspiration, an artist painting the sky with strokes of creativity, creating a masterpiece of dreams.",Inspired,Twitter,#Inspired #CloudsOfCreativity,India,2021-12-08 14:30:00,36.0,18.0
"Navigating the river of contentment, a serene boat cruise through the tranquil waters of inner peace and acceptance.",Contentment,Instagram,#Contentment #TranquilWaters,Canada,2019-04-27 09:50:00,40.0,20.0
"With empathy as a lantern, wandering through the dark alleys of sorrow, illuminating the path with compassion and care.",Empathetic,Facebook,#Empathetic #LanternOfCompassion,USA,2023-09-03 21:40:00,32.0,16.0
"A free spirit soaring on the wings of dreams, leaving trails of independence in the azure sky of boundless possibilities.",Free-spirited,Twitter,#FreeSpirit #WingsOfDreams,UK,2020-06-10 10:05:00,44.0,22.0
"Bathed in the golden hues of gratefulness, a sunset of appreciation casting its warm glow on the landscapes of the heart.",Grateful,Instagram,#Grateful #GoldenHues,Australia,2022-04-01 18:30:00,38.0,19.0
"Confident strides in the dance of life, a ballroom where self-assuredness leads, twirling through challenges with grace.",Confident,Facebook,#Confident #DanceOfLife,Canada,2021-01-15 13:00:00,46.0,23.0
"Hopeful whispers of wind, carrying the promises of a brighter tomorrow, a symphony of optimism in the air of possibilities.",Hopeful,Twitter,#Hopeful #BrighterTomorrows,India,2023-05-06 07:20:00,30.0,15.0
"Playfully juggling responsibilities, a circus performer balancing the acts of work and joy, tossing laughter into the air.",Playful,Instagram,#Playful #JugglingResponsibilities,USA,2019-11-18 15:15:00,50.0,25.0
"Whispering tales of inspiration to the stars, a storyteller crafting constellations from the threads of imagination.",Inspired,Facebook,#Inspired #TalesToTheStars,UK,2020-08-29 20:45:00,28.0,14.0
"Charting a course through the waves of hopeful anticipation, a sailor steering towards the shores of dreams yet unexplored.",Hopeful,Twitter,#Hopeful #SailorOfDreams,Australia,2022-10-30 11:40:00,34.0,17.0
"A compassionate rain, tears of empathy falling gently, nurturing the seeds of kindness in the garden of human connections.",Compassionate,Instagram,#Compassionate #TearsOfEmpathy,Canada,2021-07-01 12:10:00,42.0,21.0
"Proudly scaling the peaks of achievement, a mountaineer conquering challenges and planting the flag of success.",Proud,Twitter,#Proud #ScalingPeaks,USA,2020-01-05 08:45:00,46.0,23.0
"Embraced by the hopeful dawn, a gardener sowing seeds of optimism, tending to the blooms of a brighter tomorrow.",Hopeful,Instagram,#Hopeful #SeedsOfOptimism,India,2022-07-17 06:15:00,28.0,14.0
"A playful escapade in the carnival of life, carousel laughter and cotton candy dreams swirling in the joyous atmosphere.",Playful,Facebook,#Playful #CarnivalEscapade,Australia,2018-08-22 17:20:00,48.0,24.0
"Drowning in the abyss of despair, a heart shattered into fragments, lost in the echoing silence of hopelessness.",Despair,Instagram,#Despair #EchoingSilence,Canada,2021-09-15 16:00:00,16.0,8.0
"Bitterness festering like a venomous vine, entwining the soul in a web of resentment, poisoning the garden of peace.",Bitterness,Facebook,#Bitterness #ResentmentWeb,UK,2019-03-08 14:20:00,24.0,12.0
"Wandering through the desert of loneliness, each step a heavy sigh, mirages of connection shimmering but never materializing.",Loneliness,Twitter,#Loneliness #MiragesOfConnection,USA,2017-07-20 11:45:00,30.0,15.0
"Yearning for a touch that's not there, echoes of a distant warmth haunting the heart in the cold embrace of solitude.",Yearning,Instagram,#Yearning #DistantWarmth,Australia,2020-11-02 19:30:00,20.0,10.0
"Eyes wide open in the night, fearful shadows dancing on the walls, the mind a prisoner of imagined horrors.",Fearful,Facebook,#Fearful #ImaginedHorrors,India,2022-05-12 02:00:00,36.0,18.0
"Apprehensive steps on the tightrope of uncertainty, a balancing act where the fall seems inevitable, anxiety a constant companion.",Apprehensive,Twitter,#Apprehensive #BalancingAct,UK,2023-04-08 13:15:00,28.0,14.0
"Overwhelmed by the weight of the world, Atlas with trembling shoulders, each responsibility a boulder in the landscape of exhaustion.",Overwhelmed,Instagram,#Overwhelmed #BouldersOfExhaustion,Canada,2021-06-25 17:50:00,44.0,22.0
"Jealousy, a green-eyed monster, lurking in the shadows, casting a dark cloud over the sunshine of others' success.",Jealous,Facebook,#Jealous #GreenEyedMonster,USA,2019-08-30 10:10:00,32.0,16.0
"Devastated by the storm of betrayal, the wreckage of trust scattered like debris, a heart torn by the winds of broken promises.",Devastated,Twitter,#Devastated #WindsOfBrokenPromises,Australia,2022-08-03 15:30:00,50.0,25.0
"Frustrated fingers tapping on the keyboard, a symphony of annoyance composing an unsolvable puzzle of unmet expectations.",Frustrated,Instagram,#Frustrated #UnsolvablePuzzle,India,2020-12-17 09:20:00,24.0,12.0
"Envious eyes fixated on the gilded prize, a heartache fueled by the painful desire for possessions that seem forever out of reach.",Envious,Facebook,#Envious #GildedPrize,USA,2021-02-28 22:45:00,40.0,20.0
"Dismissive glances, a fortress built with indifference, walls impenetrable to the pleas of understanding and recognition.",Dismissive,Twitter,#Dismissive #ImpenetrableWalls,UK,2018-05-10 14:00:00,28.0,14.0
"Shattered dreams lie on the floor like fragments of glass, a mosaic of disappointment crafted by the hands of frustration.",Frustrated,Instagram,#Frustrated #MosaicOfDisappointment,Canada,2022-01-07 11:10:00,30.0,15.0
"Loneliness, a silent companion in the night, the only echo in the chamber of solitude, a heart's solitary nocturne.",Loneliness,Facebook,#Loneliness #SolitaryNocturne,Australia,2019-09-19 03:30:00,36.0,18.0
"Fearful whispers in the dark, the mind haunted by the specter of the unknown, shadows dancing to the rhythm of anxiety's tune.",Fearful,Twitter,#Fearful #SpecterOfTheUnknown,UK,2023-07-14 23:00:00,26.0,13.0
"Bitterness, a bitter aftertaste lingering on the tongue, each word a reminder of wounds that refuse to heal with the passing of time.",Bitterness,Instagram,#Bitterness #BitterAftertaste,India,2020-04-05 16:20:00,20.0,10.0
"Overwhelmed by the cacophony of expectations, a drowning soul in the tempest of pressure, struggling to stay afloat.",Overwhelmed,Facebook,#Overwhelmed #DrowningSoul,USA,2021-11-29 08:45:00,40.0,20.0
"Jealousy, a venom that seeps through the veins, poisoning the heart and turning it into a breeding ground for discontent.",Jealous,Twitter,#Jealous #HeartOfDiscontent,Australia,2019-12-12 17:00:00,32.0,16.0
"Devastated by the revelation of betrayal, the trust shattered like fragile glass, leaving shards of pain in its wake.",Devastated,Instagram,#Devastated #ShatteredTrust,Canada,2022-05-20 14:50:00,50.0,25.0
"Frustrated attempts to mend a broken connection, the threads of understanding slipping through the fingers like grains of sand.",Frustrated,Facebook,#Frustrated #SlippingThreads,UK,2020-09-03 12:15:00,28.0,14.0
"Envious gazes cast upon the podium of success, a bitter pill swallowed, the taste lingering as a constant reminder of unattained heights.",Envious,Twitter,#Envious #BitterPill,USA,2021-02-10 19:30:00,40.0,20.0
"Dismissive gestures, a curtain drawn to shield the vulnerability, a stage where emotions take a backseat to the performance of indifference.",Dismissive,Instagram,#Dismissive #IndifferencePerformance,Australia,2018-08-18 14:40:00,24.0,12.0
"Despair like a heavy fog, enveloping every thought, blurring the path ahead, a journey in the labyrinth of utter hopelessness.",Despair,Facebook,#Despair #LabyrinthOfHopelessness,Canada,2022-02-28 21:00:00,16.0,8.0
"Bitterness, a bitter chill in the air, freezing moments into icicles of resentment that dangle precariously over the landscape of memory.",Bitterness,Twitter,#Bitterness #IciclesOfResentment,UK,2019-10-15 10:30:00,30.0,15.0
"Loneliness, a solitary moon in a starless sky, casting a cold glow on the landscape of isolation, where echoes bounce in empty spaces.",Loneliness,Instagram,#Loneliness #StarlessSky,USA,2017-12-01 18:50:00,36.0,18.0
"Yearning for the warmth of a vanished sun, a heartache painted in the hues of a sunset that never graced the horizon.",Yearning,Facebook,#Yearning #HuesOfSunset,Australia,2020-04-18 16:15:00,20.0,10.0
"Fearful eyes scanning the shadows, a prisoner of the night, terrorized by the lurking monsters born from the mind's darkest corners.",Fearful,Twitter,#Fearful #LurkingMonsters,India,2023-01-07 03:30:00,36.0,18.0
"Apprehensive whispers in the wind, a forecast of uncertainty, the mind's weather vane spinning wildly in the storm of doubt.",Apprehensive,Instagram,#Apprehensive #StormOfDoubt,Canada,2021-06-10 10:00:00,28.0,14.0
"Overwhelmed by the maze of expectations, a minotaur of pressure lurking in the labyrinth, waiting to devour the spirit of resilience.",Overwhelmed,Facebook,#Overwhelmed #MinotaurOfPressure,USA,2020-02-22 15:20:00,44.0,22.0
"Jealousy, a festering wound, the pain intensifying with each glance at the garden of others' achievements, blooming beyond the fence.",Jealous,Twitter,#Jealous #BloomingAchievements,UK,2018-03-17 14:45:00,32.0,16.0
"Devastated, a heart in ruins, the echoes of shattered dreams reverberating in the chambers, a requiem for what once was whole.",Devastated,Instagram,#Devastated #EchoesOfShatteredDreams,Australia,2022-10-28 11:15:00,50.0,25.0
"Frustrated attempts to untangle the knot of confusion, the threads of understanding slipping further into the labyrinth of miscommunication.",Frustrated,Facebook,#Frustrated #LabyrinthOfMiscommunication,India,2020-11-01 12:30:00,28.0,14.0
"Envious eyes locked on the treasure chest of opportunities, a heartache fueled by the desire for keys that seem forever elusive.",Envious,Twitter,#Envious #DesireForKeys,USA,2021-01-15 22:10:00,40.0,20.0
"Dismissive gestures, a curtain drawn to shield the vulnerability, a stage where emotions take a backseat to the performance of indifference.",Dismissive,Instagram,#Dismissive #IndifferencePerformance,Australia,2018-08-18 14:00:00,24.0,12.0
"Shattered dreams lie on the floor like fragments of glass, a mosaic of disappointment crafted by the hands of frustration.",Frustrated,Twitter,#Frustrated #MosaicOfDisappointment,Canada,2022-01-07 11:10:00,30.0,15.0
"Loneliness, a silent companion in the night, the only echo in the chamber of solitude, a heart's solitary nocturne.",Loneliness,Facebook,#Loneliness #SolitaryNocturne,Australia,2019-09-19 03:30:00,36.0,18.0
Awe-struck by the breathtaking sunrise over the mountains.,Awe,Instagram,#Awe #BreathtakingSunrise,USA,2022-04-03 06:15:00,55.0,28.0
Navigating through the challenges with determination.,Determination,Twitter,#Determination #Challenges,Canada,2023-10-12 10:30:00,30.0,15.0
Nostalgia hits while flipping through an old photo album.,Nostalgia,Facebook,#Nostalgia #OldMemories,UK,2019-06-28 19:00:00,45.0,22.0
Thrilled to witness the grandeur of a cultural festival.,Thrill,Instagram,#Thrill #CulturalCelebration,India,2020-09-15 14:45:00,80.0,40.0
Calmness found in the rhythm of raindrops on the windowpane.,Calmness,Twitter,#Calmness #RainyDays,Australia,2017-11-08 21:20:00,35.0,18.0
Overwhelmed by the support received during a personal challenge.,Overwhelmed,Facebook,#Overwhelmed #SupportiveCommunity,USA,2021-05-20 17:30:00,50.0,25.0
Excitement builds as the countdown to a long-awaited vacation begins.,Excitement,Instagram,#Excitement #VacationCountdown,France,2023-01-10 12:00:00,60.0,30.0
"Reflecting on life's journey, grateful for the lessons learned.",Gratitude,Twitter,#Gratitude #LifeLessons,Brazil,2018-12-05 08:45:00,70.0,35.0
Bittersweet emotions arise while bidding farewell to a dear friend.,Bittersweet,Instagram,#Bittersweet #Farewell,Japan,2020-03-15 18:30:00,40.0,20.0
Curiosity sparked by exploring a mysterious ancient ruin.,Curiosity,Facebook,#Curiosity #AncientDiscovery,Greece,2016-08-22 15:10:00,35.0,18.0
Admiration for the intricate details of a handcrafted masterpiece.,Admiration,Instagram,#Admiration #HandcraftedArt,USA,2019-08-20 16:00:00,50.0,25.0
Overjoyed by the warmth of a cozy fireplace on a winter evening.,Overjoyed,Twitter,#Overjoyed #WinterWarmth,Canada,2021-12-08 19:30:00,35.0,18.0
Inspiration strikes while observing the colors of a vibrant sunset.,Inspiration,Instagram,#Inspiration #ColorfulSunset,UK,2020-06-10 20:45:00,60.0,30.0
Motivated to achieve fitness goals after an invigorating workout.,Motivation,Facebook,#Motivation #FitnessGoals,Australia,2022-02-28 07:15:00,80.0,40.0
Gratitude for the simple joys found in a cup of morning coffee.,Gratitude,Twitter,#Gratitude #MorningCoffee,India,2017-04-15 08:00:00,45.0,22.0
Feeling empowered after conquering a challenging hiking trail.,Empowerment,Instagram,#Empowerment #HikingAdventure,USA,2018-09-05 14:20:00,70.0,35.0
Amused by the antics of playful kittens during playtime.,Amusement,Facebook,#Amusement #PlayfulKittens,Canada,2022-10-22 12:45:00,30.0,15.0
Contemplating life's mysteries under the starry night sky.,Contemplation,Twitter,#Contemplation #StarryNight,UK,2016-07-02 23:30:00,55.0,28.0
Joyful reunion with long-lost friends after years of separation.,JoyfulReunion,Instagram,#JoyfulReunion #Friendship,India,2020-11-18 17:10:00,40.0,20.0
Excitement builds while preparing for a surprise celebration.,Excitement,Facebook,#Excitement #SurpriseCelebration,Australia,2023-03-05 15:00:00,60.0,30.0
Satisfaction derived from successfully completing a DIY project.,Satisfaction,Twitter,#Satisfaction #DIYProject,USA,2015-12-01 11:30:00,50.0,25.0
Feeling blessed for the supportive community in times of need.,Blessed,Instagram,#Blessed #SupportiveCommunity,UK,2021-09-10 09:45:00,35.0,18.0
Captivated by the serenity of a tranquil garden in full bloom.,Serenity,Facebook,#Serenity #TranquilGarden,Canada,2018-05-12 14:20:00,45.0,22.0
Anticipation for an upcoming adventure in an exotic destination.,Anticipation,Twitter,#Anticipation #AdventureAwaits,India,2022-07-25 10:00:00,80.0,40.0
Reflecting on personal growth achieved through life experiences.,Reflection,Instagram,#Reflection #PersonalGrowth,USA,2019-03-08 18:30:00,70.0,35.0
Nostalgic memories flood in while revisiting childhood favorites.,Nostalgia,Facebook,#Nostalgia #ChildhoodFavorites,Australia,2017-01-28 21:15:00,40.0,20.0
Appreciation for the vibrant culture experienced during travel.,Appreciation,Twitter,#Appreciation #CulturalExperience,UK,2016-11-14 13:45:00,55.0,28.0
Confidence soars after overcoming public speaking anxiety.,Confidence,Instagram,#Confidence #OvercomingAnxiety,USA,2020-04-02 17:30:00,30.0,15.0
Contentment in the midst of a family gathering filled with laughter.,Contentment,Facebook,#Contentment #FamilyLaughter,Canada,2023-01-15 19:00:00,50.0,25.0
Enthusiasm for learning new skills and expanding knowledge.,Enthusiasm,Twitter,#Enthusiasm #SkillBuilding,India,2018-08-07 12:15:00,60.0,30.0
Surprise and delight at discovering a hidden gem in the city.,Surprise,Instagram,#Surprise #HiddenGem,UK,2019-10-18 16:45:00,35.0,18.0
A sense of accomplishment after completing a challenging workout.,Accomplishment,Facebook,#Accomplishment #FitnessSuccess,Australia,2022-06-30 07:00:00,45.0,22.0
Wonderment at the beauty of a double rainbow after the rain.,Wonderment,Twitter,#Wonderment #DoubleRainbow,USA,2017-06-12 18:20:00,70.0,35.0
Optimism for a bright future amidst challenging times.,Optimism,Instagram,#Optimism #BrightFuture,Canada,2021-07-05 09:30:00,40.0,20.0
Pride in achieving a personal milestone in career progression.,Pride,Facebook,#Pride #CareerMilestone,UK,2016-04-15 14:50:00,55.0,28.0
Happiness blooms like flowers in a garden on a sunny day.,Happiness,Twitter,#Happiness #SunnyDay,India,2020-02-10 11:15:00,30.0,15.0
Elation over discovering a rare book in a quaint bookstore.,Elation,Instagram,#Elation #RareBookDiscovery,USA,2018-09-22 16:30:00,80.0,40.0
Curiosity piqued by the mysteries of an ancient archaeological site.,Curiosity,Facebook,#Curiosity #AncientMysteries,Australia,2015-11-08 10:00:00,35.0,18.0
Mesmerized by the cosmic dance of fireflies on a moonlit night.,Enchantment,Instagram,#Enchantment #CosmicFireflies,Brazil,2022-08-10 22:00:00,50.0,25.0
Intrigued by the symphony of colors in an abstract art exhibition.,Intrigue,Twitter,#Intrigue #AbstractArt,France,2019-04-05 17:30:00,35.0,18.0
Giggles and joy echo in the air during a children's playdate.,PlayfulJoy,Facebook,#PlayfulJoy #ChildrensPlaydate,Japan,2020-12-15 15:45:00,45.0,22.0
Enveloped in serenity while practicing mindfulness by the lake.,Mindfulness,Instagram,#Mindfulness #LakeTranquility,Canada,2017-10-20 08:15:00,70.0,35.0
Chasing dreams like a kite soaring high in the vast open sky.,DreamChaser,Twitter,#DreamChaser #SkyHighDreams,Australia,2021-02-28 13:00:00,60.0,30.0
Spellbound by the elegance of a ballroom dance under crystal chandeliers.,Elegance,Facebook,#Elegance #BallroomDance,UK,2018-06-12 20:30:00,55.0,28.0
Whimsical delight in a world of fairy tales and magical creatures.,Whimsy,Instagram,#Whimsy #MagicalWorld,USA,2016-03-08 14:20:00,40.0,20.0
Pensive contemplation amid the ancient ruins of a forgotten civilization.,Pensive,Twitter,#Pensive #AncientCivilization,Greece,2023-04-18 17:10:00,35.0,18.0
Embracing the thrill of speed on a rollercoaster's exhilarating twists.,Thrill,Facebook,#Thrill #RollercoasterAdventure,Germany,2020-07-25 12:45:00,45.0,22.0
Harmony resonates as musicians play a melody of unity and togetherness.,Harmony,Instagram,#Harmony #MusicalUnity,Sweden,2019-11-30 19:30:00,70.0,35.0
A burst of creativity in the quiet solitude of an artist's studio.,Creativity,Twitter,#Creativity #ArtistsHaven,Italy,2015-09-01 16:00:00,30.0,15.0
Radiant joy akin to blooming flowers on a sun-kissed spring morning.,Radiance,Facebook,#Radiance #SpringBlooms,Netherlands,2022-05-05 10:15:00,50.0,25.0
A sense of wonder at the vastness of the cosmos on a stargazing night.,Wonder,Instagram,#Wonder #StargazingAdventure,South Africa,2018-07-08 23:00:00,80.0,40.0
Rejuvenated by the salty breeze and the sound of waves at the seaside.,Rejuvenation,Twitter,#Rejuvenation #SeasideEscape,Spain,2021-09-20 14:30:00,35.0,18.0
Whispers of inspiration from the rustling leaves in a serene forest.,Inspiration,Facebook,#Inspiration #ForestWhispers,Portugal,2016-11-15 11:45:00,55.0,28.0
Savoring the warmth of a cup of cocoa on a chilly winter evening.,Coziness,Instagram,#Coziness #WarmWinterEvening,Switzerland,2020-01-12 18:00:00,60.0,30.0
Heartfelt gratitude for the laughter shared during a family reunion.,Gratitude,Facebook,#Gratitude #FamilyLaughter,Austria,2017-12-28 19:15:00,45.0,22.0
"Embarking on a culinary adventure, savoring exotic flavors around the world.",Adventure,Twitter,#Adventure #CulinaryJourney,Belgium,2019-03-02 20:20:00,70.0,35.0
Euphoria floods in as the final puzzle piece clicks into place.,Euphoria,Instagram,#Euphoria #PuzzleCompletion,Denmark,2022-06-08 15:30:00,40.0,20.0
Awe-inspired by the grandeur of an ancient cathedral's intricate architecture.,Awe,Facebook,#Awe #ArchitecturalGrandeur,Czech Republic,2018-08-18 14:45:00,35.0,18.0
Captivated by the ethereal beauty of a field filled with fireflies.,Enchantment,Instagram,#Enchantment #FireflyField,Brazil,2022-08-10 22:00:00,50.0,25.0
Immersed in the enchanting melodies of a street musician's violin.,Melodic,Twitter,#Melodic #StreetMusic,France,2019-04-05 17:30:00,35.0,18.0
Joyful laughter resonates through a lively summer carnival.,FestiveJoy,Facebook,#FestiveJoy #SummerCarnival,Japan,2020-12-15 15:45:00,45.0,22.0
Exploring the universe within during a mindful meditation session.,InnerJourney,Instagram,#InnerJourney #MeditationBliss,Canada,2017-10-20 08:15:00,70.0,35.0
Soaring like a free spirit on the winds of a coastal cliff.,Freedom,Twitter,#Freedom #CoastalAdventure,Australia,2021-02-28 13:00:00,60.0,30.0
Dazzled by the elegance of a masquerade ball's dazzling costumes.,Dazzle,Facebook,#Dazzle #MasqueradeElegance,UK,2018-06-12 20:30:00,55.0,28.0
Whimsical delight in a world of whimsical fairy tales.,Whimsy,Instagram,#Whimsy #FairyTaleMagic,USA,2016-03-08 14:20:00,40.0,20.0
Reflective contemplation amid the ruins of a forgotten era.,Reflection,Twitter,#Reflection #ForgottenEra,Greece,2023-04-18 17:10:00,35.0,18.0
Riding the adrenaline rush on a rollercoaster's wild twists.,Adrenaline,Facebook,#Adrenaline #RollercoasterThrills,Germany,2020-07-25 12:45:00,45.0,22.0
Harmony resonates as musicians play a symphony of unity.,Harmony,Instagram,#Harmony #MusicalUnity,Sweden,2019-11-30 19:30:00,70.0,35.0
A burst of artistic creativity in the quietude of an artist's studio.,ArtisticBurst,Twitter,#ArtisticBurst #StudioCreativity,Italy,2015-09-01 16:00:00,30.0,15.0
Radiant joy akin to blossoming flowers on a sunlit spring morning.,Radiance,Facebook,#Radiance #SpringBlooms,Netherlands,2022-05-05 10:15:00,50.0,25.0
Awe-inspired by the vastness of the cosmos on a stargazing night.,Wonder,Instagram,#Wonder #StargazingAdventure,South Africa,2018-07-08 23:00:00,80.0,40.0
Rejuvenated by the salty breeze and the sound of waves at the seaside.,Rejuvenation,Twitter,#Rejuvenation #SeasideEscape,Spain,2021-09-20 14:30:00,35.0,18.0
Whispers of inspiration from the rustling leaves in a serene forest.,Inspiration,Facebook,#Inspiration #ForestWhispers,Portugal,2016-11-15 11:45:00,55.0,28.0
Savoring the warmth of a cup of cocoa on a chilly winter evening.,Coziness,Instagram,#Coziness #WarmWinterEvening,Switzerland,2020-01-12 18:00:00,60.0,30.0
Heartfelt gratitude for the laughter shared during a family reunion.,Gratitude,Facebook,#Gratitude #FamilyLaughter,Austria,2017-12-28 19:15:00,45.0,22.0
"Embarking on a culinary odyssey, savoring flavors around the world.",CulinaryOdyssey,Twitter,#CulinaryOdyssey #FlavorsAroundTheWorld,Belgium,2019-03-02 20:20:00,70.0,35.0
Euphoria floods in as the final puzzle piece fits perfectly.,Euphoria,Instagram,#Euphoria #PerfectPuzzle,Denmark,2022-06-08 15:30:00,40.0,20.0
Awe-struck by the grandeur of an ancient cathedral's intricate architecture.,Awe,Facebook,#Awe #ArchitecturalGrandeur,Czech Republic,2018-08-18 14:45:00,35.0,18.0
Curiosity awakened by the mysteries of an ancient archaeological site.,Curiosity,Instagram,#Curiosity #AncientMysteries,Australia,2015-11-08 10:00:00,35.0,18.0
Giddy with excitement as the first snowflakes dance from the sky.,Excitement,Twitter,#Excitement #SnowfallMagic,Canada,2020-12-02 17:30:00,45.0,22.0
Contentment envelops as the aroma of freshly baked bread fills the air.,Contentment,Instagram,#Contentment #FreshBreadAroma,France,2017-06-10 12:15:00,55.0,28.0
Inspired by the resilience of a lone tree standing tall in a storm.,Resilience,Facebook,#Resilience #StandingTall,USA,2021-04-15 14:20:00,70.0,35.0
"Lost in the pages of a captivating novel, transported to another world.",Immersion,Twitter,#Immersion #CaptivatingNovel,UK,2019-09-28 19:45:00,40.0,20.0
Drenched in nostalgia while flipping through an old family photo album.,Nostalgia,Instagram,#Nostalgia #FamilyPhotoAlbum,India,2016-12-05 21:00:00,50.0,25.0
Spark of inspiration ignites like a shooting star in the night sky.,Spark,Facebook,#Spark #InspirationIgnited,Australia,2018-02-10 23:30:00,60.0,30.0
Imbued with gratitude for the simple pleasure of a warm cup of tea.,Gratitude,Twitter,#Gratitude #WarmTea,Japan,2023-02-15 08:30:00,35.0,18.0
Marveling at the kaleidoscope of colors in a vibrant street market.,Marvel,Instagram,#Marvel #ColorfulStreetMarket,Brazil,2015-08-22 15:00:00,45.0,22.0
Awash with serenity as the sun sets over a tranquil lakeside retreat.,Serenity,Facebook,#Serenity #TranquilSunset,Germany,2020-11-20 18:45:00,55.0,28.0
Drowning in sorrow as memories of lost love resurface.,Heartbreak,Instagram,#Heartbreak #LostLove,USA,2019-08-05 21:00:00,30.0,15.0
Numbness sets in as the weight of loneliness grows heavier.,Loneliness,Twitter,#Loneliness #HeavyHeart,Canada,2021-02-12 16:45:00,35.0,18.0
"Tears fall like raindrops, mourning the end of a cherished friendship.",Grief,Facebook,#Grief #LostFriendship,UK,2020-11-28 14:20:00,45.0,22.0
"Despair clouds the mind, feeling adrift in an endless sea of darkness.",Despair,Instagram,#Despair #EndlessDarkness,Australia,2016-05-15 22:30:00,55.0,28.0
"Shattered by betrayal, trust crumbles like fragile glass.",Betrayal,Twitter,#Betrayal #ShatteredTrust,Germany,2018-09-10 13:15:00,45.0,22.0
"Aching heart, the symphony of pain plays in the silence of solitude.",Suffering,Facebook,#Suffering #HeartacheSymphony,Brazil,2022-03-20 19:30:00,50.0,25.0
"Emotional storm, a whirlwind of sadness engulfs every thought.",EmotionalStorm,Instagram,#EmotionalStorm #SadnessWhirlwind,India,2017-07-18 17:45:00,60.0,30.0
"Haunted by regrets, the ghost of the past lingers relentlessly.",Regret,Twitter,#Regret #HauntedPast,France,2018-12-15 10:00:00,35.0,18.0
"Torn apart by grief, the echoes of loss reverberate through the soul.",Grief,Facebook,#Grief #TornApart,Italy,2015-06-28 21:15:00,55.0,28.0
"Isolation deepens, an emotional winter where warmth is but a distant memory.",Isolation,Instagram,#Isolation #EmotionalWinter,Japan,2020-04-02 14:20:00,70.0,35.0
"Soul-crushing disappointment, hopes shattered like fragile glass.",Disappointment,Twitter,#Disappointment #CrushedHopes,Spain,2019-10-08 18:30:00,40.0,20.0
"Painful echoes of a love once cherished, now lost in the abyss of time.",LostLove,Facebook,#LostLove #PainfulEchoes,Netherlands,2016-11-22 09:45:00,45.0,22.0
"Heartache deepens, a solitary journey through the abyss of despair.",Despair,Instagram,#Despair #AbyssOfHeartache,South Africa,2022-08-18 22:00:00,80.0,40.0
"Melancholy lingers, a bittersweet serenade in the quietude of solitude.",Melancholy,Twitter,#Melancholy #QuietSerenade,UK,2017-03-12 23:30:00,35.0,18.0
"Bitterness like a poison, seeping into every crevice of the wounded heart.",Bitterness,Facebook,#Bitterness #WoundedHeart,Australia,2015-12-15 16:15:00,50.0,25.0
"Emotional exhaustion, the weight of the world crushing weary shoulders.",Exhaustion,Instagram,#Exhaustion #CrushedSpirit,Canada,2021-09-05 13:30:00,70.0,35.0
"Sorrowful echoes, a symphony of pain played by the strings of loss.",Sorrow,Twitter,#Sorrow #SymphonyOfLoss,Germany,2018-05-22 20:45:00,35.0,18.0
"Darkness descends, engulfing the soul in the shadows of despair.",Darkness,Facebook,#Darkness #SoulEngulfed,USA,2016-07-10 18:20:00,55.0,28.0
"Desperation whispers, the silent plea for a glimmer of hope in the abyss.",Desperation,Instagram,#Desperation #GlimmerOfHope,France,2019-04-30 14:00:00,45.0,22.0
"Heart in ruins, the remnants of shattered dreams scattered in the wind.",Ruins,Twitter,#Ruins #ShatteredDreams,Brazil,2022-01-08 11:30:00,40.0,20.0
"Shattered by the echoes of a shattered dream, fragments of hope scattered.",Desolation,Twitter,#Desolation #ScatteredHope,Australia,2017-09-10 19:15:00,40.0,20.0
"Avoiding the thorns of regret, walking barefoot on the path of remorse.",Regret,Instagram,#Regret #PathOfRemorse,Canada,2022-04-18 11:30:00,50.0,25.0
"In the labyrinth of grief, the walls echo with the footsteps of lost joy.",Grief,Facebook,#Grief #LostJoyFootsteps,USA,2018-12-05 21:45:00,35.0,18.0
"A soul adrift in the sea of solitude, waves of loneliness crashing relentlessly.",Loneliness,Twitter,#Loneliness #CrashingWaves,UK,2016-06-28 14:20:00,45.0,22.0
"The bitterness of betrayal, a taste that lingers, staining the palate of trust.",Bitterness,Instagram,#Bitterness #StainedTrust,Germany,2019-10-22 17:00:00,30.0,15.0
"In the ruins of hope, echoes of shattered dreams whisper tales of loss.",Desolation,Facebook,#Desolation #WhisperedLoss,Brazil,2021-03-15 22:45:00,55.0,28.0
"Sinking like a stone in the ocean of heartbreak, each ripple a sigh of despair.",Heartbreak,Twitter,#Heartbreak #RippleOfDespair,France,2017-08-10 19:30:00,45.0,22.0
"Tears, the ink staining the pages of a journal, a testament to silent grief.",Grief,Instagram,#Grief #SilentTears,India,2023-01-28 14:30:00,60.0,30.0
"In the wasteland of lost trust, the echoes of broken promises reverberate.",Betrayal,Facebook,#Betrayal #ReverberatingPromises,Italy,2016-12-12 10:00:00,50.0,25.0
"Avoiding the shards of shattered dreams, walking the tightrope of resilience.",Resilience,Twitter,#Resilience #TightropeWalk,Japan,2020-07-18 15:15:00,70.0,35.0
"Suffocating in the silence of solitude, where echoes of laughter once thrived.",Isolation,Instagram,#Isolation #SilentSolitude,South Africa,2022-05-20 20:30:00,60.0,30.0
"Haunted by the specter of lost possibilities, a ghost that refuses to fade away.",Regret,Twitter,#Regret #FadingPossibilities,Spain,2019-11-08 14:45:00,35.0,18.0
"In the labyrinth of despair, the echoes of a broken heart reverberate endlessly.",Despair,Facebook,#Despair #EndlessReverberation,Australia,2017-03-28 22:00:00,55.0,28.0
"Sinking like autumn leaves in the river of sorrow, carried away by the current.",Sorrow,Instagram,#Sorrow #AutumnLeaves,Canada,2020-09-15 18:15:00,45.0,22.0
"In the garden of broken dreams, petals fall, a silent testimony to shattered hopes.",Desolation,Twitter,#Desolation #ShatteredHopes,UK,2018-06-10 13:30:00,40.0,20.0
"Tears, the currency of grief, spent in the marketplace of lost love and longing.",Grief,Facebook,#Grief #LostLoveLonging,USA,2016-12-22 21:45:00,50.0,25.0
"Wandering in the maze of betrayal, the walls closing in with every wrong turn.",Betrayal,Instagram,#Betrayal #ClosingWalls,Germany,2021-01-05 16:20:00,30.0,15.0
"A soul weathered by the storm of heartbreak, seeking refuge in the calm after.",Heartbreak,Twitter,#Heartbreak #CalmAfterStorm,Brazil,2019-04-18 11:00:00,45.0,22.0
"In the tapestry of despair, threads of hope unravel, leaving a portrait of sorrow.",Despair,Facebook,#Despair #UnraveledHope,India,2017-08-28 19:30:00,35.0,18.0
"Like a withered rose in the garden of love, petals fall, a silent surrender to time.",Loss,Instagram,#Loss #SilentSurrender,France,2023-02-10 14:30:00,55.0,28.0
"In the void of heartache, echoes of a love song play, each note a pang of longing.",Heartache,Instagram,#Heartache #LoveSongLonging,Japan,2022-07-10 22:15:00,60.0,30.0
"Nostalgia, a bittersweet dance in the moonlit ballroom of cherished memories.",Nostalgia,Twitter,#Nostalgia #CherishedMemories,Italy,2019-05-15 21:30:00,35.0,18.0
"In the symphony of grief, each tear is a note, composing a melancholic melody.",Grief,Facebook,#Grief #MelancholicMelody,Germany,2018-11-28 14:00:00,45.0,22.0
"Betrayal, a venomous serpent slithering through the garden of trust, poisoning roots.",Betrayal,Instagram,#Betrayal #PoisonedTrust,Canada,2021-03-02 17:45:00,50.0,25.0
"Sinking in the quicksand of despair, the harder you fight, the deeper you descend.",Despair,Twitter,#Despair #DeepDescent,USA,2016-10-18 19:30:00,40.0,20.0
"Wandering through the cemetery of lost dreams, tombstones marking untold sorrows.",Desolation,Facebook,#Desolation #UntoldSorrows,France,2020-08-15 12:30:00,55.0,28.0
"Swept away by the river of regret, the currents of the past refusing to release.",Regret,Instagram,#Regret #PastCurrents,UK,2017-04-28 16:20:00,35.0,18.0
"Whispers of lost love linger in the attic of the heart, forgotten but not erased.",Loss,Twitter,#Loss #ForgottenLove,Australia,2019-09-10 21:00:00,45.0,22.0
"In the gallery of broken promises, each shattered vow framed, a painful exhibition.",Betrayal,Facebook,#Betrayal #ShatteredVows,Brazil,2022-01-28 13:45:00,30.0,15.0
"The echoes of solitude, a silent conversation between a soul and its shadows.",Solitude,Instagram,#Solitude #ShadowConversation,Spain,2016-06-15 22:30:00,60.0,30.0
"Dancing on sunshine, each step a celebration of the joy found in simple moments.",Joy,Instagram,#Joy #SimpleMoments,USA,2021-08-20 15:45:00,80.0,40.0
"Laughter echoes in the air, a chorus of happiness that lifts the spirit higher.",Happiness,Twitter,#Happiness #SpiritLifter,Canada,2018-04-12 18:30:00,70.0,35.0
"In the garden of contentment, each bloom whispers tales of inner peace and joy.",Contentment,Facebook,#Contentment #InnerPeace,UK,2022-02-15 12:20:00,50.0,25.0
"Chasing dreams under the vibrant sky, a journey fueled by hope and enthusiasm.",Enthusiasm,Instagram,#Enthusiasm #HopefulJourney,Australia,2019-10-28 14:15:00,60.0,30.0
"Serenading the stars with a heart full of gratitude, a melody of thankfulness.",Gratitude,Twitter,#Gratitude #ThankfulMelody,India,2017-12-22 21:00:00,45.0,22.0
"Basking in the glow of accomplishment, each milestone a stepping stone to happiness.",Accomplishment,Facebook,#Accomplishment #HappinessMilestone,Germany,2020-06-10 17:30:00,55.0,28.0
"In the dance of positivity, every step is a rhythm, uplifting the soul in harmony.",Positivity,Instagram,#Positivity #SoulUpliftment,France,2016-09-18 19:45:00,35.0,18.0
"Overflowing with joy, a cup of laughter shared with friends, a moment cherished.",Joy,Twitter,#Joy #CherishedMoment,Japan,2023-03-10 14:30:00,40.0,20.0
"Draped in the warmth of kindness, a quilt of compassion stitched with love.",Kindness,Facebook,#Kindness #LoveStitches,Brazil,2019-05-05 12:15:00,50.0,25.0
"In the garden of friendships, each bloom a testament to the beauty of camaraderie.",Friendship,Instagram,#Friendship #CamaraderieBlooms,South Africa,2018-08-28 16:00:00,60.0,30.0
"In the embrace of love, each heartbeat is a melody, dancing to the rhythm of affection.",Love,Twitter,#Love #RhythmOfAffection,USA,2022-11-15 20:45:00,70.0,35.0
"Surrounded by the colors of joy, a canvas painted with laughter and endless smiles.",Joy,Instagram,#Joy #EndlessSmiles,Canada,2019-07-02 17:00:00,80.0,40.0
"In the symphony of excitement, each note is a burst of energy, igniting the soul with fervor.",Excitement,Facebook,#Excitement #IgnitedSoul,UK,2021-04-18 14:20:00,60.0,30.0
"A surprise gift, wrapped in anticipation, unfolds a moment of delight and wonder.",Surprise,Twitter,#Surprise #WonderfulMoment,Australia,2023-02-05 19:30:00,50.0,25.0
"Lost in the maze of curiosity, each twist and turn unveils the treasures of discovery.",Curiosity,Instagram,#Curiosity #TreasuresOfDiscovery,India,2018-09-22 12:45:00,45.0,22.0
"Floating on clouds of gratitude, each raindrop a blessing, a shower of thankfulness.",Gratitude,Facebook,#Gratitude #ShowerOfThankfulness,Germany,2016-12-10 21:15:00,55.0,28.0
"Like a comet of inspiration, streaking through the sky of creativity, leaving trails of brilliance.",Inspiration,Twitter,#Inspiration #BrilliantTrails,France,2020-05-28 16:00:00,35.0,18.0
"In the celebration of success, fireworks of accomplishment light up the night sky of triumph.",Success,Instagram,#Success #NightSkyTriumph,Japan,2017-11-15 22:30:00,45.0,22.0
"A symphony of laughter, each note a key to unlocking the door of boundless happiness.",Happiness,Facebook,#Happiness #BoundlessLaughter,Brazil,2021-08-02 19:00:00,60.0,30.0
"In the carnival of emotions, the rollercoaster of thrill sends the heart on a wild ride.",Thrill,Instagram,#Thrill #WildHeartRide,South Africa,2019-03-28 15:30:00,70.0,35.0
"Standing before the grandeur of the Eiffel Tower, a moment to reflect on the beauty of Parisian dreams.",Reflection,Twitter,#Reflection #ParisianDreams,France,2018-05-12 17:30:00,55.0,28.0
"Lost in the enchantment of Disneyland, each ride a journey into the realm of childhood fantasies.",Enchantment,Instagram,#Enchantment #ChildhoodFantasies,USA,2022-09-28 15:45:00,60.0,30.0
"Exploring the wonders of Ferrari World, the roar of engines creating a symphony of speed.",Excitement,Facebook,#Excitement #SymphonyOfSpeed,Italy,2019-11-10 14:00:00,45.0,22.0
"Amidst the tulip fields of Keukenhof, a tapestry of colors that paints the soul with springtime joy.",Joy,Instagram,#Joy #SpringtimeColors,Netherlands,2021-04-02 18:20:00,70.0,35.0
"Wandering through the historical streets of Kyoto, each step a journey into the heart of Japan's traditions.",Exploration,Twitter,#Exploration #JapaneseTraditions,Japan,2017-08-22 21:30:00,35.0,18.0
"In the embrace of the Grand Canyon, nature's masterpiece, a moment to marvel at Earth's grandeur.",Awe,Instagram,#Awe #EarthsGrandeur,USA,2020-06-15 16:45:00,50.0,25.0
"Journeying through the serenity of Santorini, where each sunset paints the sky with hues of tranquility.",Serenity,Facebook,#Serenity #SunsetHues,Greece,2016-09-10 19:15:00,45.0,22.0
"Amazed by the architectural marvels of Petra, each stone telling tales of an ancient civilization.",Amazement,Twitter,#Amazement #AncientTales,Jordan,2023-01-28 13:00:00,60.0,30.0
"Embarking on a gondola ride in Venice, each canal reflecting the romance of this timeless city.",Romance,Instagram,#Romance #TimelessCity,Italy,2019-04-18 16:30:00,40.0,20.0
"At the summit of Machu Picchu, a breathtaking panorama that whispers the secrets of ancient civilizations.",Awe,Facebook,#Awe #AncientCivilizations,Peru,2017-11-05 22:00:00,55.0,28.0
"In the heart of New York City, Times Square dazzles with lights, a vibrant spectacle of urban energy.",Excitement,Instagram,#Excitement #UrbanEnergy,USA,2022-07-20 21:45:00,70.0,35.0
"Captivated by the historical charm of the Colosseum, each stone echoing tales of gladiator valor.",Captivation,Twitter,#Captivation #GladiatorTales,Italy,2018-03-15 17:30:00,50.0,25.0
"Sailing the azure waters of the Maldives, each wave a whisper of serenity in paradise.",Serenity,Facebook,#Serenity #ParadiseWhispers,Maldives,2019-10-28 14:15:00,45.0,22.0
"In the midst of the Amazon rainforest, a symphony of wildlife creates an orchestra of nature's wonders.",Wonder,Instagram,#Wonder #NatureOrchestra,Brazil,2021-06-10 16:00:00,60.0,30.0
"Walking the Great Wall of China, each step a testament to ancient engineering marvels.",Awe,Twitter,#Awe #EngineeringMarvels,China,2017-08-18 19:30:00,35.0,18.0
"At the summit of Mount Fuji, a breathtaking sunrise that paints the sky with hues of accomplishment.",Accomplishment,Facebook,#Accomplishment #SunriseHues,Japan,2020-04-15 05:30:00,55.0,28.0
"Exploring the ancient ruins of Angkor Wat, each stone whispering stories of Khmer civilization.",Exploration,Instagram,#Exploration #KhmerStories,Cambodia,2016-11-22 13:00:00,40.0,20.0
"Skiing down the slopes of the Swiss Alps, each turn a dance with the majesty of snow-capped peaks.",Adventure,Twitter,#Adventure #SnowPeakDance,Switzerland,2019-01-10 14:45:00,45.0,22.0
"In the tranquility of Kyoto's bamboo forest, whispers of ancient Zen wisdom echo through the groves.",Tranquility,Facebook,#Tranquility #ZenWisdom,Japan,2023-02-28 16:20:00,50.0,25.0
"Cruising the fjords of Norway, each icy landscape a breathtaking masterpiece of nature's grandeur.",Grandeur,Instagram,#Grandeur #IcyMasterpiece,Norway,2018-05-28 18:30:00,45.0,22.0
"At the front row of Adele's concert, each note of 'Someone Like You' resonates with soul-stirring emotion.",Emotion,Instagram,#Emotion #AdeleConcert,USA,2022-09-15 20:00:00,80.0,40.0
"Dancing under the stars at Beyonc's live show, feeling the power of 'Single Ladies' in every move.",Energy,Twitter,#Energy #BeyonceConcert,USA,2019-07-28 21:30:00,70.0,35.0
"In the crowd of a Taylor Swift concert, the lyrics of 'Love Story' create an enchanting fairy tale.",Enchantment,Facebook,#Enchantment #TaylorSwift,USA,2021-05-10 19:45:00,60.0,30.0
"Rocking out to the guitar solos at a Queen tribute concert, a journey back in time with Freddie's spirit.",Nostalgia,Instagram,#Nostalgia #QueenTribute,UK,2018-12-02 22:15:00,45.0,22.0
"Swaying to Ed Sheeran's acoustic melodies, a serene evening filled with 'Perfect' moments.",Serenity,Twitter,#Serenity #EdSheeranConcert,UK,2020-08-18 19:00:00,35.0,18.0
"Immersed in the pulsating beats of a Bruno Mars concert, where 'Uptown Funk' becomes a city of joy.",Joy,Facebook,#Joy #BrunoMars,USA,2017-03-28 20:30:00,55.0,28.0
"At a Michael Jackson tribute show, moonwalking through the hits, a celebration of the King of Pop.",Celebration,Instagram,#Celebration #MJTribute,USA,2022-01-15 21:15:00,50.0,25.0
"Swinging to the rhythms of a Frank Sinatra tribute, feeling the timeless charm of 'Fly Me to the Moon'.",Charm,Twitter,#Charm #SinatraTribute,USA,2019-06-10 18:45:00,45.0,22.0
"In the mosh pit of a Metallica concert, the thunderous chords create a symphony of headbanging ecstasy.",Ecstasy,Facebook,#Ecstasy #MetallicaConcert,USA,2023-03-20 22:30:00,70.0,35.0
"Experiencing the magic of a Coldplay concert, where 'Fix You' becomes a beacon of hope in the night.",Hope,Instagram,#Hope #ColdplayMagic,UK,2016-11-28 19:00:00,60.0,30.0
"At a Justin Bieber concert, the infectious beats of 'Baby' create a dance floor of unbridled enthusiasm.",Enthusiasm,Instagram,#Enthusiasm #JustinBieber,Canada,2018-08-05 20:00:00,80.0,40.0
"In the spotlight at a Lady Gaga show, each costume change is a metamorphosis of creativity and artistry.",Creativity,Twitter,#Creativity #LadyGaga,USA,2021-04-15 21:30:00,70.0,35.0
"Immersed in the soulful melodies of Adele, tears flow freely, moved by the emotion of 'Hello'.",Emotion,Facebook,#Emotion #AdeleMelodies,UK,2019-11-28 19:45:00,60.0,30.0
"Drenched in confetti at a Katy Perry concert, a kaleidoscope of colors igniting the night sky.",Colorful,Instagram,#Colorful #KatyPerry,USA,2020-06-22 22:00:00,45.0,22.0
"In the audience of a Jay-Z performance, the lyrics of 'Empire State of Mind' become an anthem of pride.",Pride,Twitter,#Pride #JayZAnthem,USA,2017-09-10 20:15:00,35.0,18.0
"Dancing to Shakira's rhythmic beats, hips swaying to the hypnotic charm of 'Hips Don't Lie'.",Hypnotic,Facebook,#Hypnotic #ShakiraRhythms,Colombia,2022-02-28 21:15:00,55.0,28.0
"At a U2 concert, the anthemic chords of 'With or Without You' create a timeless moment of connection.",Connection,Instagram,#Connection #U2Anthem,Ireland,2016-05-15 19:30:00,50.0,25.0
"Rocking out at a Guns N' Roses show, the iconic riffs of 'Sweet Child o' Mine' echoing in the night.",Iconic,Twitter,#Iconic #GNRConcert,USA,2018-12-10 22:30:00,45.0,22.0
"In the crowd of an Ariana Grande concert, the high notes of 'Into You' create a euphoric symphony.",Euphoria,Facebook,#Euphoria #ArianaGrande,USA,2023-01-22 20:00:00,70.0,35.0
"Swaying to the reggae vibes of Bob Marley's tribute concert, each chord a journey to Jamaica's soul.",Journey,Instagram,#Journey #BobMarleyTribute,Jamaica,2020-03-05 18:45:00,60.0,30.0
"Captivated by the spellbinding plot twists, the audience applauds, experiencing a rollercoaster of emotions at the movie premiere.",Excitement,Twitter,#Excitement #MoviePremiereThrills,USA,2018-10-12 20:00:00,80.0,40.0
"As the credits roll, a profound sense of nostalgia washes over, reminiscent of cherished moments in classic films.",Nostalgia,Instagram,#Nostalgia #ClassicFilmMoments,UK,2019-06-25 22:15:00,70.0,35.0
"Streaming the latest web series, the viewer is engrossed in the characters' journey, feeling a sense of connection and empathy.",Engagement,Facebook,#Engagement #WebSeriesJourney,Canada,2020-07-08 19:30:00,60.0,30.0
"At the film festival, the indie filmmaker's creation receives a standing ovation, evoking pride and a sense of accomplishment.",Pride,Twitter,#Pride #IndieFilmSuccess,Australia,2017-09-18 21:45:00,45.0,22.0
"Watching a heartwarming family drama, tears flow freely as the characters overcome challenges, leaving the viewer with a warm glow.",Touched,Instagram,#Touched #FamilyDramaMoments,India,2021-01-15 18:00:00,55.0,28.0
"At the Oscars, the actor graciously accepts an award, radiating joy and gratitude for the recognition of their outstanding performance.",Gratitude,Facebook,#Gratitude #OscarWinningMoment,USA,2016-02-28 20:30:00,35.0,18.0
"Discovering a hidden gem in the world of documentaries, the viewer is enlightened and inspired, feeling a renewed sense of curiosity.",Inspiration,Twitter,#Inspiration #HiddenGemDiscovery,France,2022-04-20 17:30:00,45.0,22.0
"As the movie credits roll, the viewer experiences a mix of awe and contemplation, pondering the deeper meanings woven into the storyline.",Contemplation,Instagram,#Contemplation #DeepMeanings,Germany,2019-11-05 21:15:00,55.0,28.0
"Binge-watching a thrilling crime series, the suspense keeps the viewer on the edge of their seat, creating a rush of adrenaline.",Suspense,Facebook,#Suspense #CrimeSeriesThrills,Japan,2015-07-12 22:00:00,70.0,35.0
"As the closing scene unfolds, a sense of satisfaction washes over, completing the cinematic journey with a profound and fulfilling ending.",Satisfaction,Twitter,#Satisfaction #FulfillingEnding,Brazil,2020-09-10 19:45:00,45.0,22.0
"Celebrating a historic victory in the World Cup, the nation erupts in joy, united by the triumph of their football team.",Joy,Instagram,#Joy #WorldCupTriumph,Brazil,2018-07-15 21:30:00,80.0,40.0
"At the Olympics, the athlete's perseverance shines through, earning a gold medal and inspiring a generation with their remarkable achievement.",Inspiration,Twitter,#Inspiration #OlympicAchievement,USA,2020-08-08 19:45:00,70.0,35.0
"In the cricket championship, a nail-biting finish leaves fans on the edge of their seats, experiencing a rollercoaster of emotions.",Excitement,Facebook,#Excitement #CricketChampionship,India,2019-06-25 22:15:00,60.0,30.0
"Witnessing a record-breaking marathon, spectators are filled with awe and admiration for the endurance and dedication of the runners.",Admiration,Instagram,#Admiration #MarathonRecords,Kenya,2021-11-07 17:30:00,45.0,22.0
"In the tennis grand slam, a fierce rivalry unfolds, captivating fans with a display of skill and sportsmanship on the world stage.",Captivation,Twitter,#Captivation #TennisRivalry,UK,2017-09-10 20:15:00,55.0,28.0
"Cheering for the underdog in the basketball finals, the crowd erupts in applause as the team defies odds to claim the championship title.",Triumph,Facebook,#Triumph #BasketballFinals,USA,2022-06-20 21:00:00,35.0,18.0
"At the golf tournament, the golfer's precision and focus lead to a stunning victory, leaving spectators in awe of their exceptional skill.",Awe,Instagram,#Awe #GolfVictory,Scotland,2016-04-10 18:30:00,45.0,22.0
"Experiencing the thrill of a high-speed Formula 1 race, fans are on the edge of their seats as drivers compete for the championship.",Thrill,Twitter,#Thrill #Formula1Championship,Germany,2019-11-24 19:45:00,55.0,28.0
"In the cycling world championship, the climber conquers challenging terrains, symbolizing determination and achievement against all odds.",Determination,Facebook,#Determination #CyclingChampion,Italy,2015-09-28 22:30:00,70.0,35.0
"Witnessing a heartwarming comeback in the hockey finals, fans share tears of joy as the team secures a historic victory after adversity.",Heartwarming,Instagram,#Heartwarming #HockeyFinalsComeback,Canada,2020-12-12 20:00:00,45.0,22.0
"After a series of defeats, the soccer team faces disappointment, struggling to find the silver lining in a challenging season.",Disappointment,Twitter,#Disappointment #SoccerDefeats,Brazil,2019-11-02 18:45:00,80.0,40.0
"In the tennis tournament, a highly anticipated player experiences a setback, leaving fans in shock and questioning the unforeseen turn of events.",Frustration,Instagram,#Frustration #TennisSetback,USA,2018-07-10 21:15:00,70.0,35.0
"Facing a defeat in the championship, the boxer reflects on the challenges, vowing to return stronger and more determined in the next bout.",Reflection,Facebook,#Reflection #BoxingDefeat,UK,2020-09-18 19:30:00,60.0,30.0
"In the midst of a cycling race, a tire blowout leads to frustration for the cyclist, who valiantly tries to overcome the unexpected obstacle.",Obstacle,Twitter,#Obstacle #CyclingFrustration,France,2017-05-15 22:00:00,45.0,22.0
"The gymnast's unexpected fall during a routine sparks a wave of sympathy from the audience, highlighting the vulnerability of sports.",Sympathy,Instagram,#Sympathy #GymnasticsFall,Japan,2021-04-05 20:15:00,55.0,28.0
"In the golf tournament, a missed crucial putt results in defeat, causing the golfer to reflect on the pressure of high-stakes competition.",Pressure,Facebook,#Pressure #GolfDefeat,USA,2016-08-20 18:30:00,35.0,18.0
"Experiencing a series of losses in the basketball season, the team grapples with frustration, determined to turn the tide with renewed effort.",Renewed Effort,Twitter,#RenewedEffort #BasketballStruggles,Canada,2019-02-12 19:45:00,45.0,22.0
"Despite meticulous training, the swimmer faces disappointment as a split-second miscalculation costs them the lead in a crucial race.",Miscalculation,Instagram,#Miscalculation #SwimmingDisappointment,Australia,2015-06-28 20:00:00,55.0,28.0
"The weightlifter's failed attempt at a personal record results in frustration, highlighting the challenging nature of pushing physical limits.",Challenge,Facebook,#Challenge #WeightliftingFailure,Germany,2022-01-08 21:30:00,70.0,35.0
"In the midst of a soccer match, an unexpected own goal creates a moment of despair for the player, as teammates console and encourage them.",Despair,Twitter,#Despair #OwnGoal,Spain,2018-12-15 20:15:00,45.0,22.0
"In the serene beauty of a sunset, nature unfolds a canvas of colors, evoking a sense of tranquility and wonder.",Tranquility,Instagram,#Tranquility #SunsetBeauty,Canada,2021-07-10 19:00:00,80.0,40.0
"Embarking on a spontaneous road trip, the traveler discovers hidden gems, creating memories that will be cherished for a lifetime.",Adventure,Twitter,#Adventure #RoadTripMemories,USA,2019-09-28 20:30:00,70.0,35.0
"Amidst the bustling city, a quiet caf becomes a sanctuary for reflection, where a cup of coffee brings solace to the wandering mind.",Solace,Facebook,#Solace #CafeReflection,France,2022-03-15 18:45:00,60.0,30.0
"Exploring the vibrant street art of a cultural neighborhood, each mural tells a story, infusing the city with creativity and expression.",Creativity,Instagram,#Creativity #StreetArtVibes,Brazil,2017-11-05 21:15:00,45.0,22.0
"In the world of science, a breakthrough discovery unfolds, pushing the boundaries of knowledge and opening new frontiers of exploration.",Breakthrough,Twitter,#Breakthrough #ScientificDiscovery,Germany,2020-05-20 16:30:00,55.0,28.0
"Connecting with the melody of a live orchestra, the music enthusiast experiences a symphony that resonates deep within the soul.",Harmony,Facebook,#Harmony #OrchestraMelody,UK,2016-08-22 19:45:00,35.0,18.0
"Embracing the aroma of freshly baked bread, the home chef finds joy in the art of baking, creating delicious memories for loved ones.",Joy in Baking,Instagram,#JoyInBaking #HomemadeDelights,India,2023-04-10 17:15:00,45.0,22.0
"Wandering through a historical museum, the history enthusiast becomes immersed in the tales of the past, envisioning bygone eras.",Envisioning History,Twitter,#EnvisioningHistory #MuseumTales,Italy,2015-12-18 18:00:00,55.0,28.0
"In the realm of literature, a captivating novel transports the reader to distant lands, weaving a tapestry of imagination and escape.",Imagination,Facebook,#Imagination #LiteraryEscape,Japan,2021-10-08 20:30:00,70.0,35.0
"Capturing the essence of a bustling market, the photographer freezes moments in time, each frame telling a unique and vibrant story.",Vibrancy,Instagram,#Vibrancy #MarketStories,Australia,2019-03-22 21:45:00,45.0,22.0
"Underneath the city lights, the dancer expresses emotions through graceful movements, creating a mesmerizing performance under the night sky.",Mesmerizing,Twitter,#Mesmerizing #NightDancePerformance,USA,2018-06-15 22:00:00,80.0,40.0
"In the heart of a bustling market, the street food connoisseur indulges in a culinary adventure, savoring diverse flavors and aromas.",Culinary Adventure,Instagram,#CulinaryAdventure #StreetFoodDelights,Thailand,2019-08-28 19:30:00,70.0,35.0
"As the first snowflake descends, the winter enthusiast eagerly prepares for a season of frosty delights, anticipating the magic of snow-covered landscapes.",Winter Magic,Facebook,#WinterMagic #SnowyLandscapes,Canada,2022-12-01 17:45:00,60.0,30.0
"Amidst the pages of a captivating mystery novel, the reader unravels clues and secrets, experiencing a thrilling journey of suspense and revelation.",Thrilling Journey,Twitter,#ThrillingJourney #MysteryNovel,UK,2017-04-10 21:15:00,45.0,22.0
"Surrounded by the vibrant colors of a flower garden, the gardener nurtures blossoms, finding joy in the beauty of nature's ever-changing canvas.",Nature's Beauty,Instagram,#NaturesBeauty #FloralJoy,Australia,2020-05-15 18:30:00,55.0,28.0
"At the astronomy observatory, the stargazer marvels at the vastness of the cosmos, contemplating the mysteries hidden within the celestial expanse.",Celestial Wonder,Facebook,#CelestialWonder #Stargazing,USA,2016-09-22 20:00:00,35.0,18.0
"Engulfed in the aroma of freshly brewed coffee, the writer finds inspiration in every sip, embarking on a journey of creativity and prose.",Creative Inspiration,Twitter,#CreativeInspiration #CoffeeJourney,France,2023-02-12 19:45:00,45.0,22.0
"In the realm of fashion, the designer unveils a collection that tells a story, blending innovation and tradition on the runway of creativity.",Runway Creativity,Instagram,#RunwayCreativity #FashionInnovation,Italy,2015-11-10 21:00:00,55.0,28.0
"As the waves crash against the shore, the surfer embraces the thrill of riding the ocean's energy, capturing the essence of freedom in each wave.",Ocean's Freedom,Facebook,#OceansFreedom #SurfingThrills,Brazil,2021-07-20 18:15:00,45.0,22.0
"Exploring the historical architecture of an ancient city, the traveler is transported to a bygone era, where each monument whispers tales of the past.",Whispers of the Past,Twitter,#WhispersOfThePast #HistoricalTour,Greece,2019-04-18 20:30:00,70.0,35.0
Successfully avoided eye contact with my crush in the hallway. Mission accomplished. #TeenCrush #StealthMode,Excitement,Twitter,#CrushStruggles #AvoidingEyeContact,USA,2023-05-20 19:45:00,30.0,15.0
Ran out of snacks during a movie marathon. Crisis level: Emergency! #MovieNightStruggles #TeenProblems,Boredom,Instagram,#SnackCrisis #TeenLife,Canada,2023-05-21 21:00:00,35.0,18.0
Spent an hour choosing the perfect filter for a selfie. The struggle for that Instagram aesthetic is real. #SelfieQueen #TeenVibes,Joy,Facebook,#SelfieStruggle #TeenConfessions,UK,2023-05-22 14:30:00,45.0,22.0
Lost my headphones again. How do they vanish into thin air? #HeadphoneMystery #TeenLife,Frustration,Twitter,#TeenProblems #LostHeadphones,USA,2023-05-23 16:45:00,40.0,20.0
Decided to study for exams but ended up making memes about studying instead. Procrastination level: Expert. #ProcrastinationNation #TeenConfessions,Surprise,Instagram,#StudyingMemes #TeenLife,Canada,2023-05-24 13:15:00,50.0,25.0
"Got dressed for the day, then remembered it's Saturday. Oops. #WeekendVibes #TeenStruggles",Indifference,Facebook,#WeekendOops #TeenFashion,USA,2023-05-25 19:00:00,40.0,20.0
Survived a group project without any drama. Miracles do happen. #GroupProjectSuccess #TeenAchievements,Satisfaction,Twitter,#TeenSuccess #ProjectMiracle,UK,2023-05-26 14:20:00,55.0,28.0
"Entered the kitchen with the intention to cook. Left with a bag of chips. Cooking is overrated, anyway. #MasterChefInTraining #TeenHumor",Disgust,Instagram,#TeenChef #CookingFail,Canada,2023-05-27 21:15:00,45.0,22.0
"Staring at the clock in class, waiting for the bell to ring like it's the most exciting event of the day. #ClassCountdown #TeenLife",Surprise,Facebook,#ClassEvent #TeenExcitement,USA,2023-05-28 12:00:00,35.0,18.0
"Discovered a new book series and spent the whole night reading. Who needs sleep, anyway? #BookwormLife #LateNightReading",Joy,Twitter,#BookDiscoveries #TeenReading,UK,2023-05-29 23:30:00,60.0,30.0
"Bought a new video game, played for hours, forgot to eat. The ultimate gaming session. #GamerLife #NoFoodGaming",Excitement,Instagram,#GameOn #TeenGamer,USA,2023-05-30 20:45:00,45.0,22.0
Spent the day binge-watching a new series. Productivity level: Zero. #LazyDay #TVSeriesMarathon,Joy,Facebook,#BingeWatchDay #TeenLife,Canada,2023-05-31 15:30:00,70.0,35.0
Caught up on the latest fashion trends and now planning a shopping spree. #Fashionista #TrendyTeen,Excitement,Twitter,#FashionGoals #TeenStyle,USA,2023-06-01 18:00:00,40.0,20.0
Decided to learn a new instrument. Day one: Still trying to figure out how to hold it. #MusicNovice #LearningJourney,Frustration,Instagram,#InstrumentLearning #TeenMusic,UK,2023-06-02 14:30:00,55.0,28.0
Spent hours creating the perfect playlist for every mood. Music is my therapy. #PlaylistMaker #TeenMusicLover,Joy,Facebook,#MusicTherapy #TeenPlaylist,Canada,2023-06-03 21:15:00,45.0,22.0
Successfully cooked a gourmet meal for the family. Chef skills unlocked! #ChefMode #TeenChef,Pride,Twitter,#CookingSuccess #TeenCook,USA,2023-06-04 19:30:00,50.0,25.0
Spontaneously booked a weekend getaway. Adventure awaits! #TravelBug #WeekendEscape,Excitement,Instagram,#GetawayGoals #TeenTravel,UK,2023-06-05 10:00:00,35.0,18.0
Attended a concert and danced the night away. Music is the heartbeat of life. #ConcertVibes #DanceAllNight,Joy,Facebook,#MusicMagic #TeenConcert,Canada,2023-06-06 22:30:00,55.0,28.0
Rediscovered childhood cartoons and had a nostalgia-filled marathon. #CartoonNostalgia #TeenMemories,Joy,Twitter,#ChildhoodMemories #TeenCartoons,USA,2023-06-07 12:45:00,45.0,22.0
Embarked on a DIY home decor project. Let's hope it turns out better than last time. #DIYAdventure #TeenHomeDecor,Excitement,Instagram,#DIYGoals #TeenCreative,UK,2023-06-08 16:00:00,70.0,35.0
"Spent the afternoon at a museum, pretending to be cultured. Art enthusiast in the making. #MuseumDay #TeenArtLover",Curiosity,Facebook,#CulturalDay #TeenCuriosity,USA,2023-06-09 14:00:00,40.0,20.0
Started a blog about random thoughts and musings. Blogging is the new diary. #BloggerLife #TeenBlogger,Curiosity,Twitter,#BloggingJourney #TeenThoughts,Canada,2023-06-10 17:30:00,60.0,30.0
Relishing a peaceful afternoon with a classic novel. Quiet moments are the best moments. #BookLover #PeacefulAfternoon,Contentment,Instagram,#QuietMoments #BookishEscape,USA,2023-06-11 15:30:00,70.0,35.0
"Reflecting on a lifetime of memories, each wrinkle tells a story. Embracing the beauty of aging. #LifeReflections #BeautyInAging",Gratitude,Twitter,#AgingGracefully #Memories,UK,2023-06-12 18:00:00,55.0,28.0
Exploring the world of digital art. It's never too late to discover new passions. #DigitalArtistry #LateBloomer,Curiosity,Facebook,#ArtDiscovery #SeniorArtist,Canada,2023-06-13 14:45:00,45.0,22.0
Savoring the flavors of a home-cooked meal. Simple joys are the heart of happiness. #HomeCooking #SimpleJoys,Contentment,Instagram,#HappinessInFood #SeniorLife,USA,2023-06-14 19:30:00,50.0,25.0
Embarking on a journey of learning a new language. The mind stays young with every new word. #LanguageLearning #NeverTooLate,Curiosity,Twitter,#MindEnrichment #SeniorLearning,UK,2023-06-15 12:15:00,60.0,30.0
"Attended a classical music concert, feeling the timeless melodies resonate. Music transcends generations. #ClassicalMusic #TimelessMelodies",Joy,Facebook,#MusicLover #SeniorConcert,Canada,2023-06-16 21:45:00,35.0,18.0
Capturing the beauty of nature through photography. Every snapshot is a treasure. #NaturePhotography #SeniorPhotographer,Joy,Instagram,#NatureCapture #SeniorMoments,USA,2023-06-17 15:00:00,70.0,35.0
"Reconnecting with old friends over a cup of tea. Friendship, the true essence of companionship. #OldFriends #Companionship",Contentment,Twitter,#FriendshipGoals #SeniorBonding,UK,2023-06-18 11:30:00,55.0,28.0
"Embarked on a road trip to revisit cherished places from the past. Nostalgia, the ultimate travel companion. #RoadTrip #NostalgiaTour",Joy,Facebook,#CherishedPlaces #SeniorTravel,Canada,2023-06-19 16:30:00,45.0,22.0
"Joined a community choir, harmonizing with fellow voices. Music creates bonds that withstand time. #CommunityChoir #HarmonyInAging",Joy,Instagram,#MusicHarmony #SeniorVoices,USA,2023-06-20 14:20:00,40.0,20.0
"Exploring the art of meditation, finding tranquility in the stillness of the mind. #MeditationJourney #TranquilMind",Contentment,Twitter,#MindfulLiving #SeniorCalm,UK,2023-06-21 19:00:00,35.0,18.0
"Taking a stroll in the garden, appreciating the beauty of blooming flowers. Nature's wonders never cease. #GardenWalk #FloralBeauty",Contentment,Facebook,#NatureWonders #SeniorGarden,USA,2023-06-22 13:45:00,50.0,25.0
"Sipping on a favorite vintage wine, each sip telling a story of the years gone by. Cheers to a life well-lived. #WineLover #VintageCheers",Contentment,Instagram,#LifeWellLived #SeniorWine,UK,2023-06-23 18:45:00,55.0,28.0
"Participated in a community art class, unleashing creativity in the golden years. Art has no age limit. #ArtClass #SeniorArtistry",Joy,Twitter,#CreativityAtAnyAge #SeniorCreativity,Canada,2023-06-24 16:15:00,45.0,22.0
"Embarking on a journey of writing a memoir, documenting a lifetime of experiences. Every story matters. #MemoirWriting #SeniorStories",Gratitude,Facebook,#LifetimeExperiences #SeniorMemoir,USA,2023-06-25 20:30:00,70.0,35.0
"Attended a lecture on history, always fascinated by the lessons from the past. Learning is a lifelong adventure. #HistoryLecture #SeniorLearning",Curiosity,Instagram,#LifetimeAdventure #SeniorCuriosity,UK,2023-06-26 14:00:00,60.0,30.0
"Rediscovered the joy of cooking traditional family recipes. The kitchen, a place of cherished memories. #FamilyRecipes #SeniorCooking",Contentment,Twitter,#KitchenMemories #SeniorCulinary,USA,2023-06-27 17:45:00,40.0,20.0
"Joined a nature photography club, capturing the beauty of the great outdoors. Every click is a connection to nature. #NaturePhotography #SeniorPhotographer",Joy,Facebook,#OutdoorBeauty #SeniorClicks,UK,2023-06-28 22:15:00,35.0,18.0
"Attended a jazz concert and swayed to the rhythm of timeless tunes. Music, a constant companion in the golden years. #JazzConcert #SeniorMusic",Joy,Instagram,#TimelessTunes #SeniorJazz,USA,2023-06-29 16:30:00,50.0,25.0
"Joined a writing group, penning down thoughts and reflections. Writing, a journey into the depths of the soul. #WritingGroup #SeniorWriter",Gratitude,Twitter,#SoulfulWriting #SeniorReflections,UK,2023-06-30 19:30:00,55.0,28.0
"Embarked on a solo travel adventure, discovering the beauty of new places at my own pace. #SoloTravel #SeniorExplorer",Excitement,Instagram,#DiscoverNewPlaces #SeniorTravel,USA,2023-07-01 14:00:00,60.0,30.0
"Attended a vintage car show, reminiscing about the classics that once ruled the roads. Nostalgia in every rev. #VintageCars #ClassicRides",Joy,Facebook,#RoadTripDownMemoryLane #SeniorCars,UK,2023-07-02 18:30:00,45.0,22.0
"Started a community garden, growing not just plants but friendships too. Green thumbs unite! #CommunityGarden #SeniorGardener",Joy,Twitter,#GardenFriends #SeniorGreenThumb,Canada,2023-07-03 12:45:00,55.0,28.0
"Hosted a family dinner, where laughter echoed louder than the clinking of utensils. Family, the heart of happiness. #FamilyDinner #SeniorHost",Contentment,Instagram,#HeartwarmingMoments #SeniorFamily,USA,2023-07-04 17:00:00,70.0,35.0
"Enrolled in a dance class for seniors, moving to the rhythm of life. Age is just a number on the dance floor. #DanceClass #SeniorDancer",Joy,Twitter,#DanceLife #SeniorMoves,UK,2023-07-05 20:15:00,35.0,18.0
"Visited an art gallery, appreciating the brushstrokes that tell tales of creativity. Art, an eternal companion. #ArtGallery #SeniorArtLover",Joy,Facebook,#CreativeExpressions #SeniorArt,USA,2023-07-06 14:30:00,50.0,25.0
"Started a book club for seniors, where discussions are as lively as the characters in the novels. #BookClub #SeniorReaders",Joy,Instagram,#BookishTalks #SeniorBookworms,UK,2023-07-07 19:45:00,45.0,22.0
"Hosted a picnic in the park, basking in the warmth of friendship and sunshine. Simple joys, timeless memories. #ParkPicnic #SeniorJoy",Contentment,Twitter,#FriendshipSunshine #SeniorMemories,Canada,2023-07-08 16:00:00,60.0,30.0
"Participated in a local theater production, proving that the stage belongs to every age. #TheaterProduction #SeniorActor",Joy,Facebook,#StagePassion #SeniorTheater,USA,2023-07-09 22:30:00,40.0,20.0
"Embarked on a hiking adventure, conquering trails and relishing the beauty of nature. Age is just a number on the mountaintop. #HikingAdventure #SeniorHiker",Excitement,Instagram,#NatureTrailBlazer #SeniorExplorer,UK,2023-07-10 14:20:00,55.0,28.0
Hosted a photography exhibition featuring snapshots of a life well-lived. Every photo has a story to tell. #PhotographyExhibition #SeniorPhotographer,Gratitude,Twitter,#LifeInPictures #SeniorExhibition,Canada,2023-07-11 18:45:00,45.0,22.0
"Joined a seniors' cycling club, feeling the wind in my hair and the freedom of the open road. #CyclingClub #SeniorCyclist",Excitement,Facebook,#OpenRoadAdventures #SeniorCycling,USA,2023-07-12 13:45:00,50.0,25.0
"Attended a wine tasting event, savoring the richness of flavors that age like fine wine. Cheers to the golden years! #WineTasting #SeniorWineLover",Joy,Instagram,#AgedToPerfection #SeniorCheers,UK,2023-07-13 20:00:00,70.0,35.0
"Started learning ballroom dancing, gliding gracefully across the dance floor. Ageless elegance in every step. #BallroomDancing #SeniorDancer",Joy,Twitter,#GracefulMoves #SeniorDance,USA,2023-07-14 16:15:00,40.0,20.0
"Organized a community painting event, turning blank canvases into a masterpiece of shared creativity. #PaintingEvent #SeniorArtist",Joy,Facebook,#CommunityArt #SeniorCreativity,Canada,2023-07-15 19:30:00,55.0,28.0
"Hosted a 'memory lane' evening with old friends, reminiscing about the adventures that shaped our lives. #MemoryLane #SeniorReminiscing",Gratitude,Instagram,#FriendshipAdventures #SeniorNostalgia,USA,2023-07-16 14:00:00,60.0,30.0
"Joined a seniors' astronomy club, stargazing and finding wonder in the vastness of the cosmos. #AstronomyClub #SeniorStargazer",Curiosity,Twitter,#CelestialWonders #SeniorAstronomy,UK,2023-07-17 22:15:00,35.0,18.0
"Attended a local jazz festival, tapping toes to the tunes that have stood the test of time. Music, a lifelong love affair. #JazzFestival #SeniorMusicLover",Joy,Facebook,#TimelessTunes #SeniorJazz,USA,2023-07-18 16:30:00,50.0,25.0
"Started a blog sharing the wisdom gained through the years, proving that every day is a chance to learn and grow. #SeniorWisdom #Blog",Gratitude,Instagram,#LifeLessons #SeniorBlog,UK,2023-07-19 19:45:00,45.0,22.0
"Participated in a charity run, proving that age is no barrier to supporting meaningful causes. #CharityRun #SeniorRunner",Excitement,Twitter,#RunForACause #SeniorSupport,Canada,2023-07-20 17:00:00,60.0,30.0
"Survived a challenging physics exam. Equations, you won't defeat me!",Relief,Instagram,#PhysicsSurvivor #HighSchoolAdventures,USA,2023-08-01 13:30:00,40.0,20.0
Exploring the world of coding. Debugging is an adventure on its own! #CodingJourney #HighSchoolCoder,Excitement,Twitter,#CodingAdventure #HighSchoolCoderLife,UK,2023-08-02 14:45:00,50.0,25.0
"Joined the school debate team. Words are my weapons, and I'm ready for battle!",Excitement,Facebook,#DebateWarrior #HighSchoolDebater,Canada,2023-08-03 12:15:00,35.0,18.0
"Started a photography club at school. Capturing moments, one snapshot at a time!",Joy,Instagram,#PhotographyClub #HighSchoolPhotographer,USA,2023-08-04 16:30:00,45.0,22.0
"Daydreaming about the upcoming prom. The dress, the dance it's a fairytale in the making!",Excitement,Twitter,#PromDreams #HighSchoolFairytale,Canada,2023-08-05 19:45:00,60.0,30.0
Convinced the teacher to have class outdoors. Learning equations with a side of fresh air!,Positive,Facebook,#OutdoorClassroom #HighSchoolExplorer,USA,2023-08-06 14:00:00,55.0,28.0
"Accidentally spilled paint in art class. Abstract art, right? #ArtClassAdventures #HighSchoolArtist",Embarrassed,Instagram,#ArtisticMishaps #HighSchoolArt,UK,2023-08-07 19:45:00,45.0,22.0
Trying to master the perfect kickflip on my skateboard. Skating into the weekend like a pro!,Excitement,Twitter,#SkaterLife #HighSchoolSkater,Canada,2023-08-08 16:00:00,60.0,30.0
Bonding with friends over the latest K-pop sensation. Fangirling at its finest!,Joy,Facebook,#KpopFangirl #HighSchoolMusic,USA,2023-08-09 22:30:00,40.0,20.0
Spent hours perfecting a chemistry experiment. Mixing potions like a wizard!,Joy,Instagram,#ChemistryWizard #HighSchoolScientist,UK,2023-08-10 14:20:00,55.0,28.0
Successfully organized a surprise birthday party for a friend. Party planning expert mode: Achieved!,Joy,Twitter,#BirthdayParty #HighSchoolCelebration,Canada,2023-08-11 18:45:00,45.0,22.0
"Joined the drama club to unleash my inner actor. Lights, camera, action!",Excitement,Facebook,#DramaClubStar #HighSchoolActor,USA,2023-08-12 13:45:00,50.0,25.0
Got my hands on the latest fantasy novel. Diving into realms of magic and adventure!,Excitement,Instagram,#FantasyBookNerd #HighSchoolReader,UK,2023-08-13 20:00:00,70.0,35.0
Mastering the art of the perfect doodle during boring classes. Doodles: A+!,Joy,Twitter,#DoodleMaster #HighSchoolArt,USA,2023-08-14 16:15:00,40.0,20.0
Attempting to break the school record for the longest handstand. Wish me luck!,Excitement,Facebook,#HandstandChallenge #HighSchoolAthlete,Canada,2023-08-15 19:30:00,55.0,28.0
Sneaking snacks into class like a pro. The art of snack-smuggling is a sacred skill!,Mischievous,Instagram,#SnackSmuggler #HighSchoolSnacks,USA,2023-08-16 14:00:00,60.0,30.0
Hosting a sleepover with friends this weekend. Preparing for a night of laughter and memories!,Excitement,Twitter,#SleepoverFun #HighSchoolMemories,UK,2023-08-17 22:15:00,35.0,18.0
"Spent hours on a TikTok dance, only to realize I have two left feet. Dance fail: Unleashed!",Embarrassed,Facebook,#DanceFail #HighSchoolTikTok,USA,2023-08-18 16:30:00,50.0,25.0
Accidentally liked my crush's old photo while stalking their profile. Awkward level: Maximum!,Embarrassed,Instagram,#SocialMediaBlunder #HighSchoolAwkward,UK,2023-08-19 19:45:00,45.0,22.0
Tried to impress my crush with a smooth conversation. Ended up spilling my drink. Smooth level: Nonexistent!,Embarrassed,Twitter,#CrushFail #HighSchoolEmbarrassment,Canada,2023-08-20 17:00:00,60.0,30.0
Mastered the art of creating paper airplanes during lecture. Paper planes: Soaring to new heights!,Joy,Instagram,#PaperPlaneExpert #HighSchoolArt,USA,2023-08-21 15:45:00,30.0,15.0
Trying to set a new trend by juggling textbooks between classes. Academic juggling: A unique skill!,Excitement,Facebook,#TextbookJuggling #HighSchoolSkills,Canada,2023-08-22 12:30:00,40.0,22.0
Hiding a snack stash in my backpack for emergency cravings. Snack ninja mode: Activated!,Mischievous,Twitter,#SnackNinja #HighSchoolSnacks,USA,2023-08-23 16:45:00,55.0,28.0
Planning a surprise scavenger hunt for friends. Anticipating the thrill and excitement!,Excitement,Instagram,#SurpriseAdventure #HighSchoolFun,UK,2023-08-24 18:20:00,38.0,20.0
Danced in the rain to celebrate the end of exams. Rain dance: Unexpectedly refreshing!,Joy,Facebook,#RainDance #HighSchoolJoy,Canada,2023-08-25 14:15:00,50.0,25.0
Accidentally sent a text meant for a friend to the class group chat. Texting fail: Oops moment!,Embarrassed,Twitter,#TextingFail #HighSchoolAwkward,USA,2023-08-26 17:30:00,35.0,18.0
Tried a magic trick to impress classmates. Magic fail: Where did that rabbit go?,Embarrassed,Instagram,#MagicFail #HighSchoolMagic,UK,2023-08-27 20:45:00,45.0,22.0
Perfecting the art of creating origami during a dull lecture. Origami mastery: A+!,Joy,Twitter,#OrigamiMaster #HighSchoolArt,USA,2023-08-28 16:00:00,36.0,18.0
Attempting to set a new record for the most consecutive hacky sack kicks. Hacky sack skills: Unleashed!,Excitement,Instagram,#HackySackChallenge #HighSchoolAthlete,Canada,2023-08-29 13:45:00,48.0,26.0
Creating a secret handshake with friends. Friendship level: Expert!,Joy,Facebook,#FriendshipGoals #HighSchoolMemories,USA,2023-08-30 17:30:00,40.0,20.0
Embarking on a mission to find the best burger joint in town. Burger connoisseur: Reporting for duty!,Excitement,Twitter,#BurgerQuest #HighSchoolFoodie,UK,2023-08-31 20:15:00,42.0,24.0
Practicing a stand-up comedy routine for the upcoming talent show. Comedy gig: In the making!,Joy,Instagram,#StandUpComedy #HighSchoolTalent,Canada,2023-09-01 14:45:00,39.0,21.0
Accidentally sent a love letter to the wrong person. Love note fail: Maximum embarrassment!,Embarrassed,Facebook,#LoveLetterFail #HighSchoolAwkward,USA,2023-09-02 18:30:00,33.0,17.0
Attempting to impress the teacher with an elaborate science experiment. Science geek mode: Activated!,Excitement,Twitter,#ScienceGeek #HighSchoolExperiments,UK,2023-09-03 22:00:00,44.0,23.0
Crafting intricate friendship bracelets for the whole squad. Friendship level: Expert weaver!,Joy,Instagram,#FriendshipBracelets #HighSchoolCrafts,USA,2023-09-04 15:15:00,37.0,19.0
Attempting to beat the record for the most consecutive cartwheels. Cartwheel challenge: Underway!,Excitement,Twitter,#CartwheelChallenge #HighSchoolAthlete,Canada,2023-09-05 12:30:00,52.0,27.0
Organizing a movie marathon with friends. Popcorn and cinematic adventures await!,Joy,Facebook,#MovieNight #HighSchoolMemories,UK,2023-09-06 16:45:00,43.0,22.0
Experimenting with a new hair color. A bold change for a bold semester!,Excitement,Instagram,#HairExperiment #HighSchoolStyle,USA,2023-09-07 18:20:00,39.0,20.0
Building a time capsule to capture memories for the future. Time-traveling emotions!,Joy,Facebook,#TimeCapsule #HighSchoolNostalgia,Canada,2023-09-08 14:15:00,48.0,26.0
Accidentally walked into the wrong classroom on the first day. Classroom mix-up: Awkward start!,Embarrassed,Twitter,#FirstDayOops #HighSchoolEmbarrassment,USA,2023-09-09 17:30:00,32.0,16.0
Trying out a new smoothie recipe for a healthy start to the week. Smoothie enthusiast: Level up!,Excitement,Instagram,#HealthyLiving #HighSchoolWellness,UK,2023-09-10 20:45:00,42.0,23.0
Reflecting on the challenges of the school year. Feeling a bit overwhelmed with assignments.,Sad,Twitter,#SchoolChallenges #HighSchoolStruggles,USA,2023-09-11 15:45:00,28.0,15.0
Encountered some mean-spirited comments online. Dealing with online hate is never easy.,Hate,Instagram,#OnlineHate #HighSchoolReality,Canada,2023-09-12 12:30:00,36.0,18.0
Had a bad day at school. Everything seems to be going wrong.,Bad,Facebook,#BadDay #HighSchoolBlues,UK,2023-09-13 16:45:00,40.0,20.0
Feeling down after not making the sports team. Disappointment lingers.,Sad,Twitter,#Disappointment #HighSchoolSports,USA,2023-09-14 18:20:00,34.0,17.0
Witnessed a heated argument in the cafeteria. Unpleasant atmosphere at lunch.,Hate,Instagram,#CafeteriaDrama #HighSchoolTension,Canada,2023-09-15 14:15:00,41.0,21.0
Received a not-so-great grade on a major project. Academic frustration setting in.,Bad,Facebook,#AcademicFrustration #HighSchoolStress,UK,2023-09-16 17:30:00,38.0,19.0
Dealing with a personal setback. Sometimes life throws unexpected challenges.,Sad,Twitter,#LifeChallenges #HighSchoolStruggles,USA,2023-09-17 20:45:00,44.0,22.0
Feeling lonely on a Saturday night. Sometimes solitude hits harder than expected.,Sad,Instagram,#LonelyNights #HighSchoolEmotions,Canada,2023-09-18 22:00:00,31.0,16.0
Experiencing cyberbullying. Hateful messages online are disheartening.,Hate,Facebook,#StopCyberbullying #HighSchoolReality,UK,2023-09-19 15:15:00,27.0,14.0
Caught in a torrential rainstorm without an umbrella. Today's weather is just bad luck.,Bad,Twitter,#BadLuck #HighSchoolWeather,USA,2023-09-20 12:30:00,35.0,18.0
Missing an important event due to unforeseen circumstances. A day filled with sadness.,Sad,Instagram,#MissedChances #HighSchoolRegret,Canada,2023-09-21 16:45:00,39.0,20.0
Dealing with unfounded rumors circulating about personal life. Rumors can be hurtful.,Hate,Facebook,#RumorMills #HighSchoolDrama,UK,2023-09-22 18:20:00,46.0,23.0
Got a flat tire on the way to an important meeting. Talk about a series of bad events!,Bad,Twitter,#BadLuckDay #HighSchoolStruggles,USA,2023-09-23 14:15:00,50.0,25.0
Feeling a sense of emptiness after a close friend moves away. Farewells are always sad.,Sad,Instagram,#SayingGoodbye #HighSchoolEmotions,Canada,2023-09-24 17:30:00,42.0,21.0
Facing rejection from a dream college. Disheartened but determined to explore other paths.,Sad,Facebook,#CollegeDreams #HighSchoolJourney,UK,2023-09-25 20:45:00,37.0,19.0
Encountering online toxicity during a gaming session. Hateful comments can ruin the fun.,Hate,Twitter,#OnlineGaming #HighSchoolGamer,USA,2023-09-26 14:15:00,32.0,16.0
Having a bad hair day and feeling self-conscious. Bad hair days can affect confidence.,Bad,Instagram,#BadHairDay #HighSchoolConfidence,Canada,2023-09-27 17:30:00,36.0,18.0
Feeling a sense of despair after a major project failure. Hard work didn't pay off this time.,Sad,Facebook,#ProjectStruggles #HighSchoolHardships,UK,2023-09-28 22:00:00,41.0,21.0
Experiencing hate comments for expressing personal opinions. Online negativity prevails.,Hate,Twitter,#OnlineOpinions #HighSchoolCriticism,USA,2023-09-29 15:45:00,48.0,24.0
Having a string of bad luck with constant technology malfunctions. Tech troubles galore!,Bad,Instagram,#TechIssues #HighSchoolTech,Canada,2023-09-30 18:20:00,43.0,22.0
Missing out on a long-anticipated event due to unexpected circumstances. A day filled with sadness.,Sad,Facebook,#MissedMoments #HighSchoolRegret,UK,2023-10-01 14:15:00,39.0,20.0
Trying out a new study technique for upcoming exams. Exploring different learning strategies.,Neutral,Instagram,#StudyStrategies #HighSchoolExams,USA,2023-10-02 16:45:00,42.0,23.0
Organizing a community cleanup event for a cleaner neighborhood. Promoting environmental awareness.,Neutral,Twitter,#EnvironmentalEfforts #HighSchoolCommunity,Canada,2023-10-03 12:30:00,50.0,26.0
Sharing favorite book recommendations with classmates. Building a mini book club.,Neutral,Facebook,#BookClub #HighSchoolReads,UK,2023-10-04 18:20:00,38.0,19.0
Experimenting with a new recipe for a school bake sale. Baking adventures in the kitchen.,Neutral,Instagram,#BakingAdventures #HighSchoolBakes,USA,2023-10-05 14:15:00,43.0,21.0
Collaborating on a school project with peers. Teamwork makes the dream work.,Neutral,Twitter,#Teamwork #HighSchoolProjects,Canada,2023-10-06 17:30:00,36.0,18.0
Attending a school club meeting to explore new interests. Dabbling in extracurricular activities.,Neutral,Instagram,#SchoolClubs #HighSchoolInterests,UK,2023-10-07 20:45:00,45.0,22.0
Exploring a new part-time job opportunity for gaining work experience. Career development in progress.,Neutral,Facebook,#CareerDevelopment #HighSchoolJobs,USA,2023-10-08 15:15:00,48.0,24.0
Attending a school assembly to stay informed about upcoming events and announcements. Staying connected with school activities.,Neutral,Twitter,#SchoolEvents #HighSchoolConnectivity,Canada,2023-10-09 22:00:00,40.0,20.0
Exploring a new hobby of photography during free time. Capturing moments through a lens.,Neutral,Instagram,#PhotographyJourney #HighSchoolHobbies,UK,2023-10-10 14:15:00,49.0,25.0
Participating in a science fair to showcase a unique experiment. Sharing knowledge with peers.,Neutral,Facebook,#ScienceFair #HighSchoolScience,USA,2023-10-11 16:45:00,37.0,19.0
Attending a workshop on time management to enhance organizational skills. Striving for efficiency.,Neutral,Twitter,#EfficiencyGoals #HighSchoolSkills,Canada,2023-10-12 18:20:00,44.0,23.0
Volunteering at a local charity event to give back to the community. Contributing to social causes.,Neutral,Instagram,#CommunityService #HighSchoolVolunteer,UK,2023-10-13 12:30:00,39.0,20.0
Collaborating on a group project to promote teamwork and shared responsibilities. Group effort in action.,Neutral,Facebook,#TeamSpirit #HighSchoolProjects,USA,2023-10-14 17:30:00,35.0,18.0
Participating in a debate club to enhance critical thinking and communication skills. Intellectual engagement in progress.,Neutral,Twitter,#DebateSkills #HighSchoolIntellect,Canada,2023-10-15 20:45:00,43.0,22.0
Celebrating a friend's birthday with a surprise party. Joyful moments and laughter all around!,Happy,Instagram,#SurpriseParty #HighSchoolCelebration,UK,2023-10-16 15:45:00,52.0,27.0
Successfully completing a challenging coding project. Excitement for overcoming coding hurdles!,Happy,Twitter,#CodingTriumph #HighSchoolTech,USA,2023-10-17 12:30:00,48.0,24.0
Attending a school talent show to support classmates. Applauding the diverse talents on display!,Happy,Facebook,#TalentShow #HighSchoolEntertainment,Canada,2023-10-18 16:45:00,38.0,19.0
"Exploring a new hiking trail with friends over the weekend. Nature, laughter, and good vibes!",Happy,Instagram,#NatureAdventures #HighSchoolFriends,UK,2023-10-19 18:20:00,42.0,21.0
Winning a friendly sports competition against rival schools. Victory celebrations in full swing!,Happy,Twitter,#SportsTriumph #HighSchoolAthletics,USA,2023-10-20 14:15:00,50.0,26.0
Receiving a heartfelt letter from a pen pal in another country. Connecting across the globe!,Happy,Facebook,#GlobalFriendship #HighSchoolCorrespondence,Canada,2023-10-21 17:30:00,45.0,23.0
Creating a beautiful mural with fellow art enthusiasts. The power of collaboration and creativity!,Happy,Instagram,#ArtCollaboration #HighSchoolCreativity,UK,2023-10-22 20:45:00,43.0,22.0
Participating in a school-wide art exhibition. Witnessing creativity and spreading positive vibes!,Happy,Instagram,#ArtisticExpression #HighSchoolCreativity,USA,2015-11-10 16:45:00,44.0,23.0
Achieving a personal best in a track and field competition. The thrill of victory and self-improvement!,Happy,Twitter,#AthleticAchievement #HighSchoolSports,Canada,2016-09-14 12:30:00,51.0,26.0
Collaborating on a science project that received recognition at a regional fair. Science triumphs and smiles!,Happy,Facebook,#ScienceFairWinner #HighSchoolScience,UK,2017-08-18 18:20:00,39.0,20.0
"Attending a surprise birthday party organized by friends. Surrounded by love, laughter, and good company!",Happy,Instagram,#SurpriseCelebration #HighSchoolFriendship,USA,2018-06-22 14:15:00,48.0,25.0
Successfully fundraising for a school charity initiative. The joy of giving back to the community!,Happy,Twitter,#CommunityGiving #HighSchoolPhilanthropy,Canada,2019-04-05 17:30:00,42.0,22.0
"Participating in a multicultural festival, celebrating diversity with music, dance, and delicious food!",Happy,Facebook,#CulturalCelebration #HighSchoolUnity,UK,2020-02-29 20:45:00,43.0,21.0
"Organizing a virtual talent show during challenging times, bringing smiles to classmates' faces!",Happy,Instagram,#VirtualEntertainment #HighSchoolPositivity,USA,2020-11-15 15:15:00,47.0,24.0
